model_id,fold_id,held_out_sequence,held_out_gt_total_nll,held_out_gt_n,mean_log_det_covariance,training_nll,selected_model_id,is_training_selection_winner,log_det_growth_by_gap,primary_calibration_classes
M1P-GLOBAL-CV,LOO::MOT17-02-SDP,MOT17-02-SDP,7.258484670721936,6,-1.4264452732368575,811.5233868130312,M2P-GLOBAL-OU-H30,False,"[{'gap_bin': '1-10', 'n': 119, 'mean_log_det_covariance': -7.47823962624145, 'median_log_det_covariance': -7.1194113077567325}, {'gap_bin': '11-30', 'n': 285, 'mean_log_det_covariance': -1.653244173770298, 'median_log_det_covariance': -1.3790732065994415}, {'gap_bin': '31-60', 'n': 412, 'mean_log_det_covariance': 1.602870732205173, 'median_log_det_covariance': 1.669487001588145}, {'gap_bin': '61-150', 'n': 1197, 'mean_log_det_covariance': 4.873854236581067, 'median_log_det_covariance': 4.942728295643949}, {'gap_bin': '151-300', 'n': 1277, 'mean_log_det_covariance': 7.842830307516568, 'median_log_det_covariance': 7.81217405036611}]","{'1-10': 'under-dispersed', '11-26': 'approximately-calibrated'}"
M1P-GLOBAL-CV,LOO::MOT17-04-SDP,MOT17-04-SDP,1.295877407337151,6,-3.435967816548738,1063.1438024633867,M2P-GLOBAL-OU-H30,False,"[{'gap_bin': '1-10', 'n': 28, 'mean_log_det_covariance': -7.876082336711673, 'median_log_det_covariance': -6.77867367158059}, {'gap_bin': '11-30', 'n': 49, 'mean_log_det_covariance': -2.161576005150725, 'median_log_det_covariance': -2.1679556318270485}, {'gap_bin': '31-60', 'n': 61, 'mean_log_det_covariance': 1.335207659318051, 'median_log_det_covariance': 1.454878858347424}, {'gap_bin': '61-150', 'n': 198, 'mean_log_det_covariance': 4.645832890343775, 'median_log_det_covariance': 4.9103465967220465}, {'gap_bin': '151-300', 'n': 351, 'mean_log_det_covariance': 7.494040635538376, 'median_log_det_covariance': 7.53684056401784}]","{'1-10': 'under-dispersed', '11-26': 'approximately-calibrated'}"
M1P-GLOBAL-CV,LOO::MOT17-05-SDP,MOT17-05-SDP,14.8299122233271,30,-4.551624983314903,1036.5082685058596,M2P-GLOBAL-OU-H30,False,"[{'gap_bin': '1-10', 'n': 262, 'mean_log_det_covariance': -7.755348445588923, 'median_log_det_covariance': -6.771755845805906}, {'gap_bin': '11-30', 'n': 498, 'mean_log_det_covariance': -2.125622108370625, 'median_log_det_covariance': -2.1610378060523647}, {'gap_bin': '31-60', 'n': 657, 'mean_log_det_covariance': 1.237749882360894, 'median_log_det_covariance': 1.2878562363631527}, {'gap_bin': '61-150', 'n': 1566, 'mean_log_det_covariance': 4.468438590630399, 'median_log_det_covariance': 4.561097530418957}, {'gap_bin': '151-300', 'n': 2282, 'mean_log_det_covariance': 7.689968179352115, 'median_log_det_covariance': 7.7785887930996385}]","{'1-10': 'under-dispersed', '11-26': 'approximately-calibrated'}"
M1P-GLOBAL-CV,LOO::MOT17-09-SDP,MOT17-09-SDP,27.4432511133789,4,-5.633233702916982,1028.740601016692,M2P-GLOBAL-OU-H30,False,"[{'gap_bin': '1-10', 'n': 26, 'mean_log_det_covariance': -8.431303879315719, 'median_log_det_covariance': -8.564427455333401}, {'gap_bin': '11-30', 'n': 35, 'mean_log_det_covariance': -2.2511359760963665, 'median_log_det_covariance': -2.126675805597001}, {'gap_bin': '31-60', 'n': 55, 'mean_log_det_covariance': 0.9593580267039233, 'median_log_det_covariance': 0.841073573320509}, {'gap_bin': '61-150', 'n': 136, 'mean_log_det_covariance': 4.139135536249898, 'median_log_det_covariance': 4.084738447928125}, {'gap_bin': '151-300', 'n': 159, 'mean_log_det_covariance': 7.487118181389444, 'median_log_det_covariance': 7.590195170112647}]","{'1-10': 'under-dispersed', '11-26': 'approximately-calibrated'}"
M1P-GLOBAL-CV,LOO::MOT17-10-SDP,MOT17-10-SDP,465.0307016535592,50,-6.477155345271168,427.01307171376,M2P-GLOBAL-OU-H30,False,"[{'gap_bin': '1-10', 'n': 306, 'mean_log_det_covariance': -9.278847051752066, 'median_log_det_covariance': -8.945068656262706}, {'gap_bin': '11-30', 'n': 512, 'mean_log_det_covariance': -3.5413050815880647, 'median_log_det_covariance': -3.5024778005582435}, {'gap_bin': '31-60', 'n': 687, 'mean_log_det_covariance': -0.19070316153243333, 'median_log_det_covariance': -0.1561703469178272}, {'gap_bin': '61-150', 'n': 2016, 'mean_log_det_covariance': 3.0856511172687235, 'median_log_det_covariance': 3.2330210946309865}, {'gap_bin': '151-300', 'n': 2649, 'mean_log_det_covariance': 6.131392241265859, 'median_log_det_covariance': 6.191689879410342}]","{'1-10': 'under-dispersed', '11-26': 'approximately-calibrated'}"
M1P-GLOBAL-CV,LOO::MOT17-11-SDP,MOT17-11-SDP,9.281188835805132,7,-3.133577125820755,1031.0409662196125,M2P-GLOBAL-OU-H30,False,"[{'gap_bin': '1-10', 'n': 83, 'mean_log_det_covariance': -8.707233257837082, 'median_log_det_covariance': -8.399745253054267}, {'gap_bin': '11-30', 'n': 122, 'mean_log_det_covariance': -2.163001731273755, 'median_log_det_covariance': -1.9619936033178664}, {'gap_bin': '31-60', 'n': 153, 'mean_log_det_covariance': 1.2177955708951025, 'median_log_det_covariance': 1.2817272615474486}, {'gap_bin': '61-150', 'n': 428, 'mean_log_det_covariance': 4.556432122021556, 'median_log_det_covariance': 4.63264089903166}, {'gap_bin': '151-300', 'n': 645, 'mean_log_det_covariance': 7.6314345685389675, 'median_log_det_covariance': 7.737217299555315}]","{'1-10': 'under-dispersed', '11-26': 'approximately-calibrated'}"
M1P-GLOBAL-CV,LOO::MOT17-13-SDP,MOT17-13-SDP,5.487915299631894,14,-7.075701653312427,1046.0548672151742,M2P-GLOBAL-OU-H30,False,"[{'gap_bin': '1-10', 'n': 213, 'mean_log_det_covariance': -8.136388437602296, 'median_log_det_covariance': -6.921005044245694}, {'gap_bin': '11-30', 'n': 394, 'mean_log_det_covariance': -2.2106910029238334, 'median_log_det_covariance': -2.1051138269419507}, {'gap_bin': '31-60', 'n': 524, 'mean_log_det_covariance': 1.0918228581508451, 'median_log_det_covariance': 1.1386070379233644}, {'gap_bin': '61-150', 'n': 1438, 'mean_log_det_covariance': 4.413136315352704, 'median_log_det_covariance': 4.5657134552903536}, {'gap_bin': '151-300', 'n': 1966, 'mean_log_det_covariance': 7.391487604432828, 'median_log_det_covariance': 7.413070709578747}]","{'1-10': 'under-dispersed', '11-26': 'approximately-calibrated'}"
M2P-GLOBAL-OU-H270,LOO::MOT17-02-SDP,MOT17-02-SDP,7.210831956593324,6,-1.442939280472869,800.6020338354314,M2P-GLOBAL-OU-H30,False,"[{'gap_bin': '1-10', 'n': 119, 'mean_log_det_covariance': -7.467701312640652, 'median_log_det_covariance': -7.108115302926331}, {'gap_bin': '11-30', 'n': 285, 'mean_log_det_covariance': -1.6681686635132529, 'median_log_det_covariance': -1.3950088615001963}, {'gap_bin': '31-60', 'n': 412, 'mean_log_det_covariance': 1.5463519282177212, 'median_log_det_covariance': 1.6130524833583255}, {'gap_bin': '61-150', 'n': 1197, 'mean_log_det_covariance': 4.720564648697782, 'median_log_det_covariance': 4.791766454003611}, {'gap_bin': '151-300', 'n': 1277, 'mean_log_det_covariance': 7.512252434479064, 'median_log_det_covariance': 7.489920722709673}]","{'1-10': 'under-dispersed', '11-26': 'approximately-calibrated'}"
M2P-GLOBAL-OU-H270,LOO::MOT17-04-SDP,MOT17-04-SDP,1.2785450005441215,6,-3.442537299726501,1047.0582822964975,M2P-GLOBAL-OU-H30,False,"[{'gap_bin': '1-10', 'n': 28, 'mean_log_det_covariance': -7.865428135872669, 'median_log_det_covariance': -6.768510733382304}, {'gap_bin': '11-30', 'n': 49, 'mean_log_det_covariance': -2.1748496538860427, 'median_log_det_covariance': -2.1799231442473133}, {'gap_bin': '31-60', 'n': 61, 'mean_log_det_covariance': 1.276791279348143, 'median_log_det_covariance': 1.395662609982189}, {'gap_bin': '61-150', 'n': 198, 'mean_log_det_covariance': 4.486324166919976, 'median_log_det_covariance': 4.744428981967015}, {'gap_bin': '151-300', 'n': 351, 'mean_log_det_covariance': 7.160719417521167, 'median_log_det_covariance': 7.20578910651186}]","{'1-10': 'under-dispersed', '11-26': 'approximately-calibrated'}"
M2P-GLOBAL-OU-H270,LOO::MOT17-05-SDP,MOT17-05-SDP,14.67082302544642,30,-4.550991756203826,1020.6460212923524,M2P-GLOBAL-OU-H30,False,"[{'gap_bin': '1-10', 'n': 262, 'mean_log_det_covariance': -7.743842867511597, 'median_log_det_covariance': -6.76090487050262}, {'gap_bin': '11-30', 'n': 498, 'mean_log_det_covariance': -2.138739235470696, 'median_log_det_covariance': -2.172317281367629}, {'gap_bin': '31-60', 'n': 657, 'mean_log_det_covariance': 1.182219643316814, 'median_log_det_covariance': 1.2326841393578452}, {'gap_bin': '61-150', 'n': 1566, 'mean_log_det_covariance': 4.317117229097378, 'median_log_det_covariance': 4.41139811000313}, {'gap_bin': '151-300', 'n': 2282, 'mean_log_det_covariance': 7.341390117206984, 'median_log_det_covariance': 7.428001581488665}]","{'1-10': 'under-dispersed', '11-26': 'approximately-calibrated'}"
M2P-GLOBAL-OU-H270,LOO::MOT17-09-SDP,MOT17-09-SDP,27.036745147595603,4,-5.632953522908933,1013.110612624916,M2P-GLOBAL-OU-H30,False,"[{'gap_bin': '1-10', 'n': 26, 'mean_log_det_covariance': -8.417465793655463, 'median_log_det_covariance': -8.54881872154207}, {'gap_bin': '11-30', 'n': 35, 'mean_log_det_covariance': -2.2630982169385665, 'median_log_det_covariance': -2.138310397759616}, {'gap_bin': '31-60', 'n': 55, 'mean_log_det_covariance': 0.9071709601552388, 'median_log_det_covariance': 0.7922831806675994}, {'gap_bin': '61-150', 'n': 136, 'mean_log_det_covariance': 3.9959078641710355, 'median_log_det_covariance': 3.948686954925982}, {'gap_bin': '151-300', 'n': 159, 'mean_log_det_covariance': 7.1422934682117365, 'median_log_det_covariance': 7.24250172261161}]","{'1-10': 'under-dispersed', '11-26': 'approximately-calibrated'}"
M2P-GLOBAL-OU-H270,LOO::MOT17-10-SDP,MOT17-10-SDP,461.2208149744763,50,-6.4750060982288,419.32331889447494,M2P-GLOBAL-OU-H30,False,"[{'gap_bin': '1-10', 'n': 306, 'mean_log_det_covariance': -9.265669489889365, 'median_log_det_covariance': -8.930901009851352}, {'gap_bin': '11-30', 'n': 512, 'mean_log_det_covariance': -3.5529419884445277, 'median_log_det_covariance': -3.512996676917676}, {'gap_bin': '31-60', 'n': 687, 'mean_log_det_covariance': -0.2450518508438681, 'median_log_det_covariance': -0.2097332235666957}, {'gap_bin': '61-150', 'n': 2016, 'mean_log_det_covariance': 2.9337603991983405, 'median_log_det_covariance': 3.080019734376762}, {'gap_bin': '151-300', 'n': 2649, 'mean_log_det_covariance': 5.7942184374745205, 'median_log_det_covariance': 5.85514382490673}]","{'1-10': 'under-dispersed', '11-26': 'approximately-calibrated'}"
M2P-GLOBAL-OU-H270,LOO::MOT17-11-SDP,MOT17-11-SDP,9.259797932942812,7,-3.1408389480240655,1015.3613659511481,M2P-GLOBAL-OU-H30,False,"[{'gap_bin': '1-10', 'n': 83, 'mean_log_det_covariance': -8.694613595287285, 'median_log_det_covariance': -8.386325135250345}, {'gap_bin': '11-30', 'n': 122, 'mean_log_det_covariance': -2.1766458490252876, 'median_log_det_covariance': -1.9758168114678905}, {'gap_bin': '31-60', 'n': 153, 'mean_log_det_covariance': 1.1615842491831618, 'median_log_det_covariance': 1.2257086745085957}, {'gap_bin': '61-150', 'n': 428, 'mean_log_det_covariance': 4.40072408711746, 'median_log_det_covariance': 4.47882017627604}, {'gap_bin': '151-300', 'n': 645, 'mean_log_det_covariance': 7.285771731068396, 'median_log_det_covariance': 7.388887546222394}]","{'1-10': 'under-dispersed', '11-26': 'approximately-calibrated'}"
M2P-GLOBAL-OU-H270,LOO::MOT17-13-SDP,MOT17-13-SDP,5.38084648089577,14,-7.067787488466601,1029.8253769150435,M2P-GLOBAL-OU-H30,False,"[{'gap_bin': '1-10', 'n': 213, 'mean_log_det_covariance': -8.12609382558099, 'median_log_det_covariance': -6.911755413967135}, {'gap_bin': '11-30', 'n': 394, 'mean_log_det_covariance': -2.2258596934720094, 'median_log_det_covariance': -2.119691890083155}, {'gap_bin': '31-60', 'n': 524, 'mean_log_det_covariance': 1.0345792502034319, 'median_log_det_covariance': 1.0818335958933307}, {'gap_bin': '61-150', 'n': 1438, 'mean_log_det_covariance': 4.256397454670555, 'median_log_det_covariance': 4.40786588692233}, {'gap_bin': '151-300', 'n': 1966, 'mean_log_det_covariance': 7.053429572294873, 'median_log_det_covariance': 7.07954622372533}]","{'1-10': 'under-dispersed', '11-26': 'approximately-calibrated'}"
M2P-GLOBAL-OU-H90,LOO::MOT17-02-SDP,MOT17-02-SDP,7.120007856057613,6,-1.4746213109979676,780.8264218523517,M2P-GLOBAL-OU-H30,False,"[{'gap_bin': '1-10', 'n': 119, 'mean_log_det_covariance': -7.446267724923047, 'median_log_det_covariance': -7.085193579435481}, {'gap_bin': '11-30', 'n': 285, 'mean_log_det_covariance': -1.6967703898248527, 'median_log_det_covariance': -1.425645822410825}, {'gap_bin': '31-60', 'n': 412, 'mean_log_det_covariance': 1.438103799163405, 'median_log_det_covariance': 1.5048136398710843}, {'gap_bin': '61-150', 'n': 1197, 'mean_log_det_covariance': 4.43790138942305, 'median_log_det_covariance': 4.511861803751309}, {'gap_bin': '151-300', 'n': 1277, 'mean_log_det_covariance': 6.944588444615468, 'median_log_det_covariance': 6.931801920062799}]","{'1-10': 'under-dispersed', '11-26': 'approximately-calibrated'}"
M2P-GLOBAL-OU-H90,LOO::MOT17-04-SDP,MOT17-04-SDP,1.246741171433627,6,-3.4547307891278702,1018.1176335576743,M2P-GLOBAL-OU-H30,False,"[{'gap_bin': '1-10', 'n': 28, 'mean_log_det_covariance': -7.843738567159164, 'median_log_det_covariance': -6.747817211733952}, {'gap_bin': '11-30', 'n': 49, 'mean_log_det_covariance': -2.200197225764126, 'median_log_det_covariance': -2.2027832707344004}, {'gap_bin': '31-60', 'n': 61, 'mean_log_det_covariance': 1.1650725768371972, 'median_log_det_covariance': 1.2822652821710658}, {'gap_bin': '61-150', 'n': 198, 'mean_log_det_covariance': 4.193039377248649, 'median_log_det_covariance': 4.438737616635674}, {'gap_bin': '151-300', 'n': 351, 'mean_log_det_covariance': 6.589290706529829, 'median_log_det_covariance': 6.634791411563548}]","{'1-10': 'under-dispersed', '11-26': 'approximately-calibrated'}"
M2P-GLOBAL-OU-H90,LOO::MOT17-05-SDP,MOT17-05-SDP,14.36005158868466,30,-4.549037939903944,992.1301221175064,M2P-GLOBAL-OU-H30,False,"[{'gap_bin': '1-10', 'n': 262, 'mean_log_det_covariance': -7.7204407693694685, 'median_log_det_covariance': -6.738820112737717}, {'gap_bin': '11-30', 'n': 498, 'mean_log_det_covariance': -2.1637152041401406, 'median_log_det_covariance': -2.193786171738166}, {'gap_bin': '31-60', 'n': 657, 'mean_log_det_covariance': 1.0760054394298768, 'median_log_det_covariance': 1.1269991577879654}, {'gap_bin': '61-150', 'n': 1566, 'mean_log_det_covariance': 4.038294094030246, 'median_log_det_covariance': 4.13404732166819}, {'gap_bin': '151-300', 'n': 2282, 'mean_log_det_covariance': 6.747754081571514, 'median_log_det_covariance': 6.828501622273796}]","{'1-10': 'under-dispersed', '11-26': 'approximately-calibrated'}"
M2P-GLOBAL-OU-H90,LOO::MOT17-09-SDP,MOT17-09-SDP,26.24563412884515,4,-5.631716990715309,985.0440637999835,M2P-GLOBAL-OU-H30,False,"[{'gap_bin': '1-10', 'n': 26, 'mean_log_det_covariance': -8.389519101341156, 'median_log_det_covariance': -8.51737049041132}, {'gap_bin': '11-30', 'n': 35, 'mean_log_det_covariance': -2.2858702178936596, 'median_log_det_covariance': -2.160513262656817}, {'gap_bin': '31-60', 'n': 55, 'mean_log_det_covariance': 0.8073069230235952, 'median_log_det_covariance': 0.6986975249868781}, {'gap_bin': '61-150', 'n': 136, 'mean_log_det_covariance': 3.7313533186662644, 'median_log_det_covariance': 3.695516663578207}, {'gap_bin': '151-300', 'n': 159, 'mean_log_det_covariance': 6.554954990602215, 'median_log_det_covariance': 6.647851779693411}]","{'1-10': 'under-dispersed', '11-26': 'approximately-calibrated'}"
M2P-GLOBAL-OU-H90,LOO::MOT17-10-SDP,MOT17-10-SDP,453.65226197578824,50,-6.469917213119235,405.5229705398579,M2P-GLOBAL-OU-H30,False,"[{'gap_bin': '1-10', 'n': 306, 'mean_log_det_covariance': -9.238876007048392, 'median_log_det_covariance': -8.902160082116875}, {'gap_bin': '11-30', 'n': 512, 'mean_log_det_covariance': -3.574907740132804, 'median_log_det_covariance': -3.532855208492572}, {'gap_bin': '31-60', 'n': 687, 'mean_log_det_covariance': -0.34879116333937304, 'median_log_det_covariance': -0.3121528628103096}, {'gap_bin': '61-150', 'n': 2016, 'mean_log_det_covariance': 2.6543226793952273, 'median_log_det_covariance': 2.7973739236970925}, {'gap_bin': '151-300', 'n': 2649, 'mean_log_det_covariance': 5.218269012420401, 'median_log_det_covariance': 5.277219947658059}]","{'1-10': 'under-dispersed', '11-26': 'approximately-calibrated'}"
M2P-GLOBAL-OU-H90,LOO::MOT17-11-SDP,MOT17-11-SDP,9.221246738888683,7,-3.1544574388244877,987.1450381055646,M2P-GLOBAL-OU-H30,False,"[{'gap_bin': '1-10', 'n': 83, 'mean_log_det_covariance': -8.66904414882063, 'median_log_det_covariance': -8.359177079884876}, {'gap_bin': '11-30', 'n': 122, 'mean_log_det_covariance': -2.2027276763814885, 'median_log_det_covariance': -2.0023198521303733}, {'gap_bin': '31-60', 'n': 153, 'mean_log_det_covariance': 1.0539670042754536, 'median_log_det_covariance': 1.1182995097080202}, {'gap_bin': '61-150', 'n': 428, 'mean_log_det_covariance': 4.113925797767112, 'median_log_det_covariance': 4.194033164088058}, {'gap_bin': '151-300', 'n': 645, 'mean_log_det_covariance': 6.696296821255123, 'median_log_det_covariance': 6.792215670677855}]","{'1-10': 'under-dispersed', '11-26': 'approximately-calibrated'}"
M2P-GLOBAL-OU-H90,LOO::MOT17-13-SDP,MOT17-13-SDP,5.169328831751864,14,-7.051578587176294,1000.58406191997,M2P-GLOBAL-OU-H30,False,"[{'gap_bin': '1-10', 'n': 213, 'mean_log_det_covariance': -8.105176794328486, 'median_log_det_covariance': -6.892930810059652}, {'gap_bin': '11-30', 'n': 394, 'mean_log_det_covariance': -2.254976818336721, 'median_log_det_covariance': -2.1477309013723627}, {'gap_bin': '31-60', 'n': 524, 'mean_log_det_covariance': 0.9249010024056692, 'median_log_det_covariance': 0.9728884604660308}, {'gap_bin': '61-150', 'n': 1438, 'mean_log_det_covariance': 3.9676646184458852, 'median_log_det_covariance': 4.115851377041476}, {'gap_bin': '151-300', 'n': 1966, 'mean_log_det_covariance': 6.474706081165232, 'median_log_det_covariance': 6.504354474501586}]","{'1-10': 'under-dispersed', '11-26': 'approximately-calibrated'}"
M2P-GLOBAL-OU-H30,LOO::MOT17-02-SDP,MOT17-02-SDP,6.875514886999218,6,-1.5612478777583816,734.6245910130268,M2P-GLOBAL-OU-H30,True,"[{'gap_bin': '1-10', 'n': 119, 'mean_log_det_covariance': -7.38094128681891, 'median_log_det_covariance': -7.015617637502654}, {'gap_bin': '11-30', 'n': 285, 'mean_log_det_covariance': -1.7746179624483711, 'median_log_det_covariance': -1.50968028435811}, {'gap_bin': '31-60', 'n': 412, 'mean_log_det_covariance': 1.1478814369956925, 'median_log_det_covariance': 1.2135484330806658}, {'gap_bin': '61-150', 'n': 1197, 'mean_log_det_covariance': 3.7528930267525187, 'median_log_det_covariance': 3.825147304372356}, {'gap_bin': '151-300', 'n': 1277, 'mean_log_det_covariance': 5.778537597004667, 'median_log_det_covariance': 5.769385196142965}]","{'1-10': 'under-dispersed', '11-26': 'approximately-calibrated'}"
M2P-GLOBAL-OU-H30,LOO::MOT17-04-SDP,MOT17-04-SDP,1.1666174492855657,6,-3.4858113551823267,951.4079588621044,M2P-GLOBAL-OU-H30,True,"[{'gap_bin': '1-10', 'n': 28, 'mean_log_det_covariance': -7.777572501213549, 'median_log_det_covariance': -6.684745075109814}, {'gap_bin': '11-30', 'n': 49, 'mean_log_det_covariance': -2.268764714647455, 'median_log_det_covariance': -2.264838347177241}, {'gap_bin': '31-60', 'n': 61, 'mean_log_det_covariance': 0.8666938032437038, 'median_log_det_covariance': 0.978393004679864}, {'gap_bin': '61-150', 'n': 198, 'mean_log_det_covariance': 3.4875919847073287, 'median_log_det_covariance': 3.700963394795938}, {'gap_bin': '151-300', 'n': 351, 'mean_log_det_covariance': 5.41999594376565, 'median_log_det_covariance': 5.456516628640754}]","{'1-10': 'under-dispersed', '11-26': 'approximately-calibrated'}"
M2P-GLOBAL-OU-H30,LOO::MOT17-05-SDP,MOT17-05-SDP,13.487713209049366,30,-4.539880211907667,926.5362419690101,M2P-GLOBAL-OU-H30,True,"[{'gap_bin': '1-10', 'n': 262, 'mean_log_det_covariance': -7.6492613047948055, 'median_log_det_covariance': -6.67165592710345}, {'gap_bin': '11-30', 'n': 498, 'mean_log_det_covariance': -2.230919054011547, 'median_log_det_covariance': -2.2517491991708773}, {'gap_bin': '31-60', 'n': 657, 'mean_log_det_covariance': 0.7919997827538661, 'median_log_det_covariance': 0.8433037534642409}, {'gap_bin': '61-150', 'n': 1566, 'mean_log_det_covariance': 3.363839324405141, 'median_log_det_covariance': 3.454902624755931}, {'gap_bin': '151-300', 'n': 2282, 'mean_log_det_covariance': 5.550638908658783, 'median_log_det_covariance': 5.614466784821417}]","{'1-10': 'under-dispersed', '11-26': 'approximately-calibrated'}"
M2P-GLOBAL-OU-H30,LOO::MOT17-09-SDP,MOT17-09-SDP,24.07394443647024,4,-5.624783583111048,920.6753839592187,M2P-GLOBAL-OU-H30,True,"[{'gap_bin': '1-10', 'n': 26, 'mean_log_det_covariance': -8.305633217868989, 'median_log_det_covariance': -8.423294242746369}, {'gap_bin': '11-30', 'n': 35, 'mean_log_det_covariance': -2.347272592936097, 'median_log_det_covariance': -2.220854507491799}, {'gap_bin': '31-60', 'n': 55, 'mean_log_det_covariance': 0.5398424093897338, 'median_log_det_covariance': 0.4463576537272882}, {'gap_bin': '61-150', 'n': 136, 'mean_log_det_covariance': 3.087436959435589, 'median_log_det_covariance': 3.0684265513957136}, {'gap_bin': '151-300', 'n': 159, 'mean_log_det_covariance': 5.370248684824226, 'median_log_det_covariance': 5.44368400298295}]","{'1-10': 'under-dispersed', '11-26': 'approximately-calibrated'}"
M2P-GLOBAL-OU-H30,LOO::MOT17-10-SDP,MOT17-10-SDP,431.83514686143195,50,-6.450708211252948,373.8320525730385,M2P-GLOBAL-OU-H30,True,"[{'gap_bin': '1-10', 'n': 306, 'mean_log_det_covariance': -9.157301467324361, 'median_log_det_covariance': -8.815001344761532}, {'gap_bin': '11-30', 'n': 512, 'mean_log_det_covariance': -3.6328411047399456, 'median_log_det_covariance': -3.585442907833283}, {'gap_bin': '31-60', 'n': 687, 'mean_log_det_covariance': -0.6246888607744351, 'median_log_det_covariance': -0.585835274178212}, {'gap_bin': '61-150', 'n': 2016, 'mean_log_det_covariance': 1.9814304500585131, 'median_log_det_covariance': 2.1107045600876475}, {'gap_bin': '151-300', 'n': 2649, 'mean_log_det_covariance': 4.0504500887252295, 'median_log_det_covariance': 4.097399207319146}]","{'1-10': 'under-dispersed', '11-26': 'approximately-calibrated'}"
M2P-GLOBAL-OU-H30,LOO::MOT17-11-SDP,MOT17-11-SDP,9.132028629066856,7,-3.1901139984054976,922.0698111318682,M2P-GLOBAL-OU-H30,True,"[{'gap_bin': '1-10', 'n': 83, 'mean_log_det_covariance': -8.591636737069154, 'median_log_det_covariance': -8.27721011983763}, {'gap_bin': '11-30', 'n': 122, 'mean_log_det_covariance': -2.273446940071837, 'median_log_det_covariance': -2.0747703845830614}, {'gap_bin': '31-60', 'n': 153, 'mean_log_det_covariance': 0.7656360154385194, 'median_log_det_covariance': 0.8293919300919619}, {'gap_bin': '61-150', 'n': 428, 'mean_log_det_covariance': 3.4209440734411105, 'median_log_det_covariance': 3.497951854685762}, {'gap_bin': '151-300', 'n': 645, 'mean_log_det_covariance': 5.502986677419533, 'median_log_det_covariance': 5.578924129159184}]","{'1-10': 'under-dispersed', '11-26': 'approximately-calibrated'}"
M2P-GLOBAL-OU-H30,LOO::MOT17-13-SDP,MOT17-13-SDP,4.563944784098622,14,-7.0016081777990005,932.9197318446063,M2P-GLOBAL-OU-H30,True,"[{'gap_bin': '1-10', 'n': 213, 'mean_log_det_covariance': -8.041496662287155, 'median_log_det_covariance': -6.835546321601382}, {'gap_bin': '11-30', 'n': 394, 'mean_log_det_covariance': -2.334452240380607, 'median_log_det_covariance': -2.224748955708714}, {'gap_bin': '31-60', 'n': 524, 'mean_log_det_covariance': 0.6306460237685936, 'median_log_det_covariance': 0.6794133589663094}, {'gap_bin': '61-150', 'n': 1438, 'mean_log_det_covariance': 3.269746295117786, 'median_log_det_covariance': 3.403608522576606}, {'gap_bin': '151-300', 'n': 1966, 'mean_log_det_covariance': 5.293147398294031, 'median_log_det_covariance': 5.317228713325507}]","{'1-10': 'under-dispersed', '11-26': 'approximately-calibrated'}"
