theta_dist_h,theta_abs_log_h_ratio,n_gt_exposed_tracks,n_gt_hurt_offline_tracks,n_gt_hurt_runtime_tracks,l_gt_offline,l_gt_runtime,ucb_offline,ucb_runtime,offline_safe,runtime_safe,n_fp_exposed_pairs,n_fp_removed_offline_pairs,n_fp_removed_runtime_pairs,g_fp_offline,g_fp_runtime,active_offline_safe,dist_direction_flips,ratio_direction_flips,region_jaccard,unjoined_m,v5_coverage_pass
0.2,0.05,116,96,97,0.8275862068965517,0.8362068965517241,0.882712490840224,0.8900051390126065,False,False,1373,1359,1362,0.9898033503277495,0.9919883466860888,False,57,310,0.973005398920216,862,False
0.2,0.1,116,86,86,0.7413793103448276,0.7413793103448276,0.8072867954840186,0.8072867954840186,False,False,1373,1342,1351,0.9774217042971595,0.9839766933721777,False,57,384,0.9653495440729484,845,False
0.2,0.15,116,80,80,0.6896551724137931,0.6896551724137931,0.7603096426798721,0.7603096426798721,False,False,1373,1339,1344,0.9752367079388201,0.9788783685360525,False,57,323,0.9638258736971184,839,False
0.2,0.2,116,79,77,0.6810344827586207,0.6637931034482759,0.7523762144348469,0.7364265768528735,False,False,1373,1334,1333,0.9715950473415877,0.9708667152221413,False,57,302,0.9653465346534653,835,False
0.2,0.25,116,79,75,0.6810344827586207,0.646551724137931,0.7523762144348469,0.7203702402939518,False,False,1373,1331,1327,0.9694100509832484,0.9664967225054625,False,57,319,0.966438781852082,831,False
0.2,0.3,116,79,75,0.6810344827586207,0.646551724137931,0.7523762144348469,0.7203702402939518,False,False,1373,1330,1322,0.9686817188638019,0.9628550619082301,False,57,272,0.9694323144104804,828,False
0.2,0.35,116,79,75,0.6810344827586207,0.646551724137931,0.7523762144348469,0.7203702402939518,False,False,1373,1327,1316,0.9664967225054625,0.9584850691915513,False,57,279,0.9687304565353346,827,False
0.2,0.4,116,79,72,0.6810344827586207,0.6206896551724138,0.7523762144348469,0.6960938483024053,False,False,1373,1325,1314,0.9650400582665696,0.9570284049526584,False,57,235,0.9668127739511584,825,False
0.2,0.45,116,79,72,0.6810344827586207,0.6206896551724138,0.7523762144348469,0.6960938483024053,False,False,1373,1324,1310,0.9643117261471231,0.9541150764748726,False,57,234,0.9661442006269593,824,False
0.2,0.5,116,79,71,0.6810344827586207,0.6120689655172413,0.7523762144348469,0.6879521198394312,False,False,1373,1324,1308,0.9643117261471231,0.9526584122359796,False,57,186,0.9642409033877039,822,False
0.2,0.55,116,79,71,0.6810344827586207,0.6120689655172413,0.7523762144348469,0.6879521198394312,False,False,1373,1324,1308,0.9643117261471231,0.9526584122359796,False,57,125,0.9642409033877039,821,False
0.2,0.6,116,79,71,0.6810344827586207,0.6120689655172413,0.7523762144348469,0.6879521198394312,False,False,1373,1324,1308,0.9643117261471231,0.9526584122359796,False,57,96,0.9642409033877039,821,False
0.3,0.05,116,92,92,0.7931034482758621,0.7931034482758621,0.85304291036298,0.85304291036298,False,False,1373,1349,1359,0.9825200291332847,0.9898033503277495,False,67,310,0.9602649006622517,853,False
0.3,0.1,116,80,76,0.6896551724137931,0.6551724137931034,0.7603096426798721,0.7284114925989438,False,False,1373,1324,1343,0.9643117261471231,0.9781500364166059,False,67,384,0.9539028887523049,826,False
0.3,0.15,116,69,67,0.5948275862068966,0.5775862068965517,0.6715962352781651,0.6551455841013422,False,False,1373,1313,1330,0.956300072833212,0.9686817188638019,False,67,323,0.9530956848030019,815,False
0.3,0.2,116,65,63,0.5603448275862069,0.5431034482758621,0.6386019665458771,0.6219667981685589,False,False,1373,1302,1312,0.9482884195193008,0.9555717407137655,False,67,302,0.9518072289156626,809,False
0.3,0.25,116,63,60,0.5431034482758621,0.5172413793103449,0.6219667981685589,0.5968446091115442,False,False,1373,1295,1300,0.9431900946831755,0.9468317552804079,False,67,319,0.9514066496163683,804,False
0.3,0.3,116,62,59,0.5344827586206896,0.5086206896551724,0.6136152264020083,0.5884257024484595,False,False,1373,1287,1291,0.9373634377276038,0.9402767662053897,False,67,272,0.9536082474226805,799,False
0.3,0.35,116,61,58,0.5258620689655172,0.5,0.6052411368615975,0.5799844561655612,False,False,1373,1283,1283,0.9344501092498179,0.9344501092498179,False,67,279,0.9559300064808814,797,False
0.3,0.4,116,61,54,0.5258620689655172,0.46551724137931033,0.6052411368615975,0.5459961678638798,False,False,1373,1279,1273,0.9315367807720321,0.9271667880553532,False,67,235,0.956266318537859,795,False
0.3,0.45,116,61,54,0.5258620689655172,0.46551724137931033,0.6052411368615975,0.5459961678638798,False,False,1373,1277,1268,0.9300801165331392,0.9235251274581209,False,67,234,0.9568062827225131,794,False
0.3,0.5,116,61,53,0.5258620689655172,0.45689655172413796,0.6052411368615975,0.5374431200196024,False,False,1373,1277,1263,0.9300801165331392,0.9198834668608885,False,67,186,0.9547540983606557,790,False
0.3,0.55,116,61,53,0.5258620689655172,0.45689655172413796,0.6052411368615975,0.5374431200196024,False,False,1373,1275,1263,0.9286234522942461,0.9198834668608885,False,67,125,0.9560078791858174,787,False
0.3,0.6,116,61,53,0.5258620689655172,0.45689655172413796,0.6052411368615975,0.5374431200196024,False,False,1373,1275,1263,0.9286234522942461,0.9198834668608885,False,67,96,0.9560078791858174,787,False
0.4,0.05,116,87,87,0.75,0.75,0.8150043621051317,0.8150043621051317,False,False,1373,1341,1348,0.976693372177713,0.9817916970138383,False,70,310,0.9474002418379686,846,False
0.4,0.1,116,73,69,0.6293103448275862,0.5948275862068966,0.7042110171882161,0.6715962352781651,False,False,1373,1307,1325,0.9519300801165331,0.9650400582665696,False,70,384,0.936064556176288,807,False
0.4,0.15,116,59,59,0.5086206896551724,0.5086206896551724,0.5884257024484595,0.5884257024484595,False,False,1373,1288,1310,0.9380917698470502,0.9541150764748726,False,70,323,0.9382558879694463,793,False
0.4,0.2,116,54,54,0.46551724137931033,0.46551724137931033,0.5459961678638798,0.5459961678638798,False,False,1373,1275,1285,0.9286234522942461,0.9359067734887109,False,70,302,0.9427828348504551,787,False
0.4,0.25,116,51,51,0.4396551724137931,0.4396551724137931,0.5202693625182491,0.5202693625182491,False,False,1373,1265,1270,0.9213401310997815,0.9249817916970139,False,70,319,0.9447004608294931,778,False
0.4,0.3,116,50,50,0.43103448275862066,0.43103448275862066,0.5116484301818658,0.5116484301818658,False,False,1373,1253,1257,0.9126001456664239,0.9155134741442098,False,70,272,0.9460719041278296,770,False
0.4,0.35,116,49,49,0.4224137931034483,0.4224137931034483,0.5030046112795875,0.5030046112795875,False,False,1373,1244,1242,0.9060451565914057,0.9045884923525127,False,70,279,0.9469086021505376,765,False
0.4,0.4,116,49,45,0.4224137931034483,0.3879310344827586,0.5030046112795875,0.4681968004260712,False,False,1373,1237,1226,0.9009468317552805,0.8929351784413693,False,70,235,0.9489795918367347,762,False
0.4,0.45,116,48,44,0.41379310344827586,0.3793103448275862,0.49433773994102687,0.45943558408262164,False,False,1373,1231,1216,0.8965768390386016,0.8856518572469045,False,70,234,0.9473324213406292,760,False
0.4,0.5,116,48,43,0.41379310344827586,0.3706896551724138,0.49433773994102687,0.45065011912276615,False,False,1373,1230,1209,0.8958485069191552,0.8805535324107793,False,70,186,0.9484536082474226,756,False
0.4,0.55,116,48,43,0.41379310344827586,0.3706896551724138,0.49433773994102687,0.45065011912276615,False,False,1373,1226,1208,0.8929351784413693,0.8798252002913328,False,70,125,0.9503790489317712,753,False
0.4,0.6,116,48,43,0.41379310344827586,0.3706896551724138,0.49433773994102687,0.45065011912276615,False,False,1373,1226,1208,0.8929351784413693,0.8798252002913328,False,70,96,0.9510344827586207,753,False
0.5,0.05,116,84,83,0.7241379310344828,0.7155172413793104,0.7917518677005507,0.7839365436121598,False,False,1373,1331,1339,0.9694100509832484,0.9752367079388201,False,76,310,0.9351121892055791,835,False
0.5,0.1,116,69,59,0.5948275862068966,0.5086206896551724,0.6715962352781651,0.5884257024484595,False,False,1373,1289,1303,0.9388201019664967,0.9490167516387472,False,76,384,0.9190715181932246,786,False
0.5,0.15,116,53,46,0.45689655172413796,0.39655172413793105,0.5374431200196024,0.4769340600322786,False,False,1373,1266,1280,0.922068463219228,0.9322651128914785,False,76,323,0.926575698505523,768,False
0.5,0.2,116,47,41,0.4051724137931034,0.35344827586206895,0.4856476271888483,0.4330051285167335,False,False,1373,1247,1249,0.9082301529497451,0.909686817188638,False,76,302,0.9293333333333333,761,False
0.5,0.25,116,42,37,0.3620689655172414,0.31896551724137934,0.4418400845483429,0.3974078571912472,False,False,1373,1231,1226,0.8965768390386016,0.8929351784413693,False,76,319,0.9287652645861602,751,False
0.5,0.3,116,41,36,0.35344827586206895,0.3103448275862069,0.4330051285167335,0.3884417855832339,False,False,1373,1212,1209,0.8827385287691187,0.8805535324107793,False,76,272,0.9290633608815427,741,False
0.5,0.35,116,40,35,0.3448275862068966,0.3017241379310345,0.4241448663942594,0.37944790540451523,False,False,1373,1201,1192,0.8747268754552076,0.8681718863801894,False,76,279,0.9296657381615598,735,False
0.5,0.4,116,40,31,0.3448275862068966,0.2672413793103448,0.4241448663942594,0.34318065851471447,False,False,1373,1193,1175,0.8689002184996358,0.8557902403495994,False,76,235,0.9363057324840764,730,False
0.5,0.45,116,39,30,0.33620689655172414,0.25862068965517243,0.4152588785613726,0.33403695980041115,False,False,1373,1184,1159,0.8623452294246177,0.844136926438456,False,76,234,0.9370529327610873,725,False
0.5,0.5,116,39,29,0.33620689655172414,0.25,0.4152588785613726,0.32486066988678536,False,False,1373,1180,1148,0.8594319009468318,0.8361252731245448,False,76,186,0.9379956741167988,721,False
0.5,0.55,116,39,29,0.33620689655172414,0.25,0.4152588785613726,0.32486066988678536,False,False,1373,1176,1147,0.8565185724690458,0.8353969410050983,False,76,125,0.9406657018813314,718,False
0.5,0.6,116,39,29,0.33620689655172414,0.25,0.4152588785613726,0.32486066988678536,False,False,1373,1175,1147,0.8557902403495994,0.8353969410050983,False,76,96,0.9420289855072463,718,False
0.6,0.05,116,81,80,0.6982758620689655,0.6896551724137931,0.7682146451479976,0.7603096426798721,False,False,1373,1328,1334,0.9672250546249089,0.9715950473415877,False,72,310,0.9287888009738283,827,False
0.6,0.1,116,61,52,0.5258620689655172,0.4482758620689655,0.6052411368615975,0.5288675518346259,False,False,1373,1281,1295,0.932993445010925,0.9431900946831755,False,72,384,0.9136507936507936,776,False
0.6,0.15,116,43,38,0.3706896551724138,0.3275862068965517,0.45065011912276615,0.4063467079379221,False,False,1373,1250,1269,0.9104151493080845,0.9242534595775673,False,72,323,0.9187582562747688,753,False
0.6,0.2,116,37,32,0.31896551724137934,0.27586206896551724,0.3974078571912472,0.35229274302120483,False,False,1373,1228,1230,0.8943918426802622,0.8958485069191552,False,72,302,0.9222903885480572,743,False
0.6,0.25,116,32,28,0.27586206896551724,0.2413793103448276,0.35229274302120483,0.31565072126999494,False,False,1373,1207,1200,0.8790968681718864,0.8739985433357611,False,72,319,0.9211994421199442,732,False
0.6,0.3,116,31,27,0.2672413793103448,0.23275862068965517,0.34318065851471447,0.30640594544267286,False,False,1373,1188,1182,0.8652585579024035,0.8608885651857247,False,72,272,0.9253731343283582,720,False
0.6,0.35,116,30,26,0.25862068965517243,0.22413793103448276,0.33403695980041115,0.2971250606817547,False,False,1373,1176,1163,0.8565185724690458,0.8470502549162418,False,72,279,0.9271809661139149,710,False
0.6,0.4,116,30,22,0.25862068965517243,0.1896551724137931,0.33403695980041115,0.2596099600731927,False,False,1373,1165,1145,0.8485069191551348,0.8339402767662054,False,72,235,0.9352941176470588,703,False
0.6,0.45,116,29,21,0.25,0.1810344827586207,0.32486066988678536,0.2501241841478092,False,False,1373,1150,1127,0.8375819373634378,0.820830298616169,False,72,234,0.9329858525688757,696,False
0.6,0.5,116,29,20,0.25,0.1724137931034483,0.32486066988678536,0.2405912188949647,False,False,1373,1146,1113,0.8346686088856519,0.8106336489439184,False,72,186,0.9360421369450714,691,False
0.6,0.55,116,29,20,0.25,0.1724137931034483,0.32486066988678536,0.2405912188949647,False,False,1373,1140,1112,0.830298616168973,0.809905316824472,False,72,125,0.9373111782477341,688,False
0.6,0.6,116,29,20,0.25,0.1724137931034483,0.32486066988678536,0.2405912188949647,False,False,1373,1139,1112,0.8295702840495266,0.809905316824472,False,72,96,0.9387291981845688,688,False
0.7,0.05,116,79,79,0.6810344827586207,0.6810344827586207,0.7523762144348469,0.7523762144348469,False,False,1373,1321,1327,0.9621267297887837,0.9664967225054625,False,59,310,0.9230299328039095,817,False
0.7,0.1,116,59,51,0.5086206896551724,0.4396551724137931,0.5884257024484595,0.5202693625182491,False,False,1373,1265,1279,0.9213401310997815,0.9315367807720321,False,59,384,0.9021113243761996,760,False
0.7,0.15,116,40,37,0.3448275862068966,0.31896551724137934,0.4241448663942594,0.3974078571912472,False,False,1373,1227,1247,0.8936635105608157,0.9082301529497451,False,59,323,0.9133646742780389,732,False
0.7,0.2,116,34,31,0.29310344827586204,0.2672413793103448,0.3704255779343979,0.34318065851471447,False,False,1373,1202,1205,0.875455207574654,0.8776402039329935,False,59,302,0.919276270006959,721,False
0.7,0.25,116,29,27,0.25,0.23275862068965517,0.32486066988678536,0.30640594544267286,False,False,1373,1175,1171,0.8557902403495994,0.8528769118718136,False,59,319,0.912981455064194,708,False
0.7,0.3,116,28,26,0.2413793103448276,0.22413793103448276,0.31565072126999494,0.2971250606817547,False,False,1373,1154,1146,0.8404952658412236,0.8346686088856519,False,59,272,0.9167883211678832,695,False
0.7,0.35,116,27,25,0.23275862068965517,0.21551724137931033,0.30640594544267286,0.2878066577616307,False,False,1373,1141,1125,0.8310269482884195,0.8193736343772761,False,59,279,0.9190794357832219,685,False
0.7,0.4,116,27,21,0.23275862068965517,0.1810344827586207,0.30640594544267286,0.2501241841478092,False,False,1373,1128,1101,0.8215586307356154,0.8018936635105608,False,59,235,0.9299847792998478,677,False
0.7,0.45,116,26,20,0.22413793103448276,0.1724137931034483,0.2971250606817547,0.2405912188949647,False,False,1373,1109,1076,0.8077203204661325,0.7836853605243991,False,59,234,0.9256965944272446,670,False
0.7,0.5,116,26,19,0.22413793103448276,0.16379310344827586,0.2971250606817547,0.23100839947367666,False,False,1373,1105,1056,0.8048069919883467,0.7691187181354697,False,59,186,0.9323899371069182,665,False
0.7,0.55,116,26,19,0.22413793103448276,0.16379310344827586,0.2971250606817547,0.23100839947367666,False,False,1373,1099,1054,0.8004369992716679,0.7676620538965768,False,59,125,0.9359683794466404,658,False
0.7,0.6,116,26,19,0.22413793103448276,0.16379310344827586,0.2971250606817547,0.23100839947367666,False,False,1373,1096,1054,0.7982520029133284,0.7676620538965768,False,59,96,0.9389373513084853,658,False
0.8,0.05,116,76,79,0.6551724137931034,0.6810344827586207,0.7284114925989438,0.7523762144348469,False,False,1373,1314,1322,0.9570284049526584,0.9628550619082301,False,62,310,0.9166666666666666,816,False
0.8,0.1,116,56,49,0.4827586206896552,0.4224137931034483,0.5630350028524684,0.5030046112795875,False,False,1373,1254,1267,0.9133284777858703,0.9227967953386744,False,62,384,0.8875321336760925,758,False
0.8,0.15,116,37,35,0.31896551724137934,0.3017241379310345,0.3974078571912472,0.37944790540451523,False,False,1373,1206,1229,0.8783685360524399,0.8951201747997086,False,62,323,0.8974881194840462,729,False
0.8,0.2,116,30,29,0.25862068965517243,0.25,0.33403695980041115,0.32486066988678536,False,False,1373,1177,1182,0.8572469045884924,0.8608885651857247,False,62,302,0.9065817409766455,717,False
0.8,0.25,116,25,25,0.21551724137931033,0.21551724137931033,0.2878066577616307,0.2878066577616307,False,False,1373,1145,1143,0.8339402767662054,0.8324836125273124,False,62,319,0.9043097151205259,703,False
0.8,0.3,116,24,23,0.20689655172413793,0.19827586206896552,0.27844918314901657,0.26905091911852863,False,False,1373,1119,1114,0.8150036416605972,0.8113619810633649,False,62,272,0.9098422238918107,688,False
0.8,0.35,116,23,22,0.19827586206896552,0.1896551724137931,0.26905091911852863,0.2596099600731927,False,False,1373,1104,1091,0.8040786598689003,0.7946103423160962,False,62,279,0.9119448698315467,677,False
0.8,0.4,116,23,18,0.19827586206896552,0.15517241379310345,0.26905091911852863,0.22137271723487514,False,False,1373,1086,1066,0.7909686817188638,0.7764020393299345,False,62,235,0.9212598425196851,669,False
0.8,0.45,116,22,17,0.1896551724137931,0.14655172413793102,0.2596099600731927,0.21168075585907178,False,False,1373,1064,1039,0.7749453750910416,0.7567370721048798,False,62,234,0.9203539823008849,662,False
0.8,0.5,116,21,16,0.1810344827586207,0.13793103448275862,0.2501241841478092,0.20192861114602434,False,False,1373,1059,1017,0.7713037144938092,0.7407137654770576,False,62,186,0.925531914893617,656,False
0.8,0.55,116,21,16,0.1810344827586207,0.13793103448275862,0.2501241841478092,0.20192861114602434,False,False,1373,1053,1015,0.7669337217771304,0.7392571012381646,False,62,125,0.9292181069958848,649,False
0.8,0.6,116,21,16,0.1810344827586207,0.13793103448275862,0.2501241841478092,0.20192861114602434,False,False,1373,1049,1015,0.7640203932993445,0.7392571012381646,False,62,96,0.9314616019818331,649,False
0.9,0.05,116,75,76,0.646551724137931,0.6551724137931034,0.7203702402939518,0.7284114925989438,False,False,1373,1307,1318,0.9519300801165331,0.9599417334304443,False,49,310,0.9114935464044254,813,False
0.9,0.1,116,55,46,0.47413793103448276,0.39655172413793105,0.5545267755178713,0.4769340600322786,False,False,1373,1239,1256,0.9024034959941734,0.9147851420247632,False,49,384,0.8819714656290532,751,False
0.9,0.15,116,34,32,0.29310344827586204,0.27586206896551724,0.3704255779343979,0.35229274302120483,False,False,1373,1188,1212,0.8652585579024035,0.8827385287691187,False,49,323,0.8905712319339298,721,False
0.9,0.2,116,26,26,0.22413793103448276,0.22413793103448276,0.2971250606817547,0.2971250606817547,False,False,1373,1152,1161,0.8390386016023307,0.8455935906773488,False,49,302,0.9017341040462428,702,False
0.9,0.25,116,21,22,0.1810344827586207,0.1896551724137931,0.2501241841478092,0.2596099600731927,False,False,1373,1114,1117,0.8113619810633649,0.8135469774217043,False,49,319,0.8995502248875562,687,False
0.9,0.3,116,20,20,0.1724137931034483,0.1724137931034483,0.2405912188949647,0.2405912188949647,False,False,1373,1079,1082,0.7858703568827385,0.7880553532410779,False,49,272,0.9074650077760498,672,False
0.9,0.35,116,18,19,0.15517241379310345,0.16379310344827586,0.22137271723487514,0.23100839947367666,False,False,1373,1064,1057,0.7749453750910416,0.7698470502549163,False,49,279,0.90945194598888,658,False
0.9,0.4,116,18,15,0.15517241379310345,0.12931034482758622,0.22137271723487514,0.19211178902063925,False,False,1373,1044,1027,0.7603787327021122,0.7479970866715222,False,49,235,0.9203612479474549,650,False
0.9,0.45,116,17,14,0.14655172413793102,0.1206896551724138,0.21168075585907178,0.18222507404002813,False,False,1373,1017,995,0.7407137654770576,0.7246904588492352,False,49,234,0.9222972972972973,643,False
0.9,0.5,116,16,13,0.13793103448275862,0.11206896551724138,0.20192861114602434,0.17226235722653294,False,False,1373,1010,968,0.7356154406409323,0.7050254916241806,False,49,186,0.9300518134715026,637,False
0.9,0.55,116,16,13,0.13793103448275862,0.11206896551724138,0.20192861114602434,0.17226235722653294,False,False,1373,1002,966,0.7297887836853605,0.7035688273852877,False,49,125,0.9339130434782609,630,False
0.9,0.6,116,16,13,0.13793103448275862,0.11206896551724138,0.20192861114602434,0.17226235722653294,False,False,1373,997,966,0.7261471230881282,0.7035688273852877,False,49,96,0.9371179039301311,630,False
1.0,0.05,116,74,76,0.6379310344827587,0.6551724137931034,0.7123032756897454,0.7284114925989438,False,False,1373,1302,1318,0.9482884195193008,0.9599417334304443,False,51,310,0.9052890528905289,813,False
1.0,0.1,116,52,45,0.4482758620689655,0.3879310344827586,0.5288675518346259,0.4681968004260712,False,False,1373,1226,1252,0.8929351784413693,0.9118718135469774,False,51,384,0.8747553816046967,749,False
1.0,0.15,116,31,30,0.2672413793103448,0.25862068965517243,0.34318065851471447,0.33403695980041115,False,False,1373,1173,1200,0.8543335761107065,0.8739985433357611,False,51,323,0.881862404447533,717,False
1.0,0.2,116,23,23,0.19827586206896552,0.19827586206896552,0.26905091911852863,0.26905091911852863,False,False,1373,1135,1143,0.8266569555717407,0.8324836125273124,False,51,302,0.8909224011713031,696,False
1.0,0.25,116,18,19,0.15517241379310345,0.16379310344827586,0.22137271723487514,0.23100839947367666,False,False,1373,1092,1097,0.7953386744355426,0.798980335032775,False,51,319,0.8922841864018335,680,False
1.0,0.3,116,17,17,0.14655172413793102,0.14655172413793102,0.21168075585907178,0.21168075585907178,False,False,1373,1055,1059,0.7683903860160233,0.7713037144938092,False,51,272,0.8998410174880763,664,False
1.0,0.35,116,15,16,0.12931034482758622,0.13793103448275862,0.19211178902063925,0.20192861114602434,False,False,1373,1037,1029,0.7552804078659869,0.7494537509104151,False,51,279,0.8974776240846216,648,False
1.0,0.4,116,15,12,0.12931034482758622,0.10344827586206896,0.19211178902063925,0.16221640666497222,False,False,1373,1017,996,0.7407137654770576,0.7254187909686817,False,51,235,0.9105485232067511,639,False
1.0,0.45,116,14,11,0.1206896551724138,0.09482758620689655,0.18222507404002813,0.152078555674466,False,False,1373,988,962,0.71959213401311,0.7006554989075018,False,51,234,0.9144851657940664,631,False
1.0,0.5,116,13,10,0.11206896551724138,0.08620689655172414,0.17226235722653294,0.14183826908913894,False,False,1373,980,932,0.7137654770575382,0.6788055353241078,False,51,186,0.9221128021486124,625,False
1.0,0.55,116,13,10,0.11206896551724138,0.08620689655172414,0.17226235722653294,0.14183826908913894,False,False,1373,971,929,0.7072104879825201,0.6766205389657683,False,51,125,0.9259927797833934,617,False
1.0,0.6,116,13,10,0.11206896551724138,0.08620689655172414,0.17226235722653294,0.14183826908913894,False,False,1373,965,929,0.7028404952658412,0.6766205389657683,False,51,96,0.928377153218495,617,False
1.1,0.05,116,73,74,0.6293103448275862,0.6379310344827587,0.7042110171882161,0.7123032756897454,False,False,1373,1297,1313,0.9446467589220685,0.956300072833212,False,52,310,0.8983990147783252,809,False
1.1,0.1,116,51,43,0.4396551724137931,0.3706896551724138,0.5202693625182491,0.45065011912276615,False,False,1373,1217,1240,0.8863801893663511,0.9031318281136198,False,52,384,0.8675409836065574,741,False
1.1,0.15,116,30,28,0.25862068965517243,0.2413793103448276,0.33403695980041115,0.31565072126999494,False,False,1373,1161,1183,0.8455935906773488,0.8616168973051711,False,52,323,0.8730715287517532,706,False
1.1,0.2,116,21,21,0.1810344827586207,0.1810344827586207,0.2501241841478092,0.2501241841478092,False,False,1373,1119,1122,0.8150036416605972,0.8171886380189366,False,52,302,0.8791697553743514,682,False
1.1,0.25,116,16,17,0.13793103448275862,0.14655172413793102,0.20192861114602434,0.21168075585907178,False,False,1373,1070,1074,0.7793153678077204,0.7822286962855062,False,52,319,0.8796583850931677,664,False
1.1,0.3,116,14,15,0.1206896551724138,0.12931034482758622,0.18222507404002813,0.19211178902063925,False,False,1373,1031,1031,0.7509104151493081,0.7509104151493081,False,52,272,0.8894308943089431,647,False
1.1,0.35,116,12,13,0.10344827586206896,0.11206896551724138,0.16221640666497222,0.17226235722653294,False,False,1373,1011,996,0.7363437727603788,0.7254187909686817,False,52,279,0.8878661087866109,630,False
1.1,0.4,116,12,9,0.10344827586206896,0.07758620689655173,0.16221640666497222,0.13148252365945562,False,False,1373,989,962,0.7203204661325564,0.7006554989075018,False,52,235,0.9024390243902439,621,False
1.1,0.45,116,11,8,0.09482758620689655,0.06896551724137931,0.152078555674466,0.12099489458458867,False,False,1373,957,927,0.6970138383102695,0.6751638747268754,False,52,234,0.9060523938572719,611,False
1.1,0.5,116,10,7,0.08620689655172414,0.0603448275862069,0.14183826908913894,0.11035415705713712,False,False,1373,946,895,0.6890021849963583,0.6518572469045885,False,52,186,0.9152700186219739,605,False
1.1,0.55,116,10,7,0.08620689655172414,0.0603448275862069,0.14183826908913894,0.11035415705713712,False,False,1373,936,892,0.6817188638018936,0.6496722505462491,False,52,125,0.9219190968955786,597,False
1.1,0.6,116,10,7,0.08620689655172414,0.0603448275862069,0.14183826908913894,0.11035415705713712,False,False,1373,929,892,0.6766205389657683,0.6496722505462491,False,52,96,0.9234404536862004,597,False
1.2,0.05,116,73,74,0.6293103448275862,0.6379310344827587,0.7042110171882161,0.7123032756897454,False,False,1373,1293,1313,0.9417334304442826,0.956300072833212,False,55,310,0.8952556993222428,806,False
1.2,0.1,116,51,43,0.4396551724137931,0.3706896551724138,0.5202693625182491,0.45065011912276615,False,False,1373,1210,1235,0.8812818645302258,0.8994901675163874,False,55,384,0.8625904010519395,734,False
1.2,0.15,116,30,28,0.25862068965517243,0.2413793103448276,0.33403695980041115,0.31565072126999494,False,False,1373,1149,1171,0.8368536052439912,0.8528769118718136,False,55,323,0.8631875881523272,696,False
1.2,0.2,116,21,21,0.1810344827586207,0.1810344827586207,0.2501241841478092,0.2501241841478092,False,False,1373,1100,1104,0.8011653313911143,0.8040786598689003,False,55,302,0.8716216216216216,670,False
1.2,0.25,116,16,17,0.13793103448275862,0.14655172413793102,0.20192861114602434,0.21168075585907178,False,False,1373,1050,1053,0.764748725418791,0.7669337217771304,False,55,319,0.8730283911671924,650,False
1.2,0.3,116,14,15,0.1206896551724138,0.12931034482758622,0.18222507404002813,0.19211178902063925,False,False,1373,1007,1009,0.7334304442825929,0.7348871085214858,False,55,272,0.8816225165562914,632,False
1.2,0.35,116,12,13,0.10344827586206896,0.11206896551724138,0.16221640666497222,0.17226235722653294,False,False,1373,986,971,0.718135469774217,0.7072104879825201,False,55,279,0.8795900939368061,615,False
1.2,0.4,116,12,9,0.10344827586206896,0.07758620689655173,0.16221640666497222,0.13148252365945562,False,False,1373,962,934,0.7006554989075018,0.6802621995630007,False,55,235,0.893048128342246,605,False
1.2,0.45,116,11,8,0.09482758620689655,0.06896551724137931,0.152078555674466,0.12099489458458867,False,False,1373,929,897,0.6766205389657683,0.6533139111434815,False,55,234,0.8943466172381835,595,False
1.2,0.5,116,10,7,0.08620689655172414,0.0603448275862069,0.14183826908913894,0.11035415705713712,False,False,1373,915,862,0.6664238892935178,0.627822286962855,False,55,186,0.9022051773729626,587,False
1.2,0.55,116,10,7,0.08620689655172414,0.0603448275862069,0.14183826908913894,0.11035415705713712,False,False,1373,905,859,0.6591405680990532,0.6256372906045157,False,55,125,0.9089147286821705,578,False
1.2,0.6,116,10,7,0.08620689655172414,0.0603448275862069,0.14183826908913894,0.11035415705713712,False,False,1373,897,859,0.6533139111434815,0.6256372906045157,False,55,96,0.9159335288367546,578,False
1.3,0.05,116,72,74,0.6206896551724138,0.6379310344827587,0.6960938483024053,0.7123032756897454,False,False,1373,1289,1307,0.9388201019664967,0.9519300801165331,False,64,310,0.8907407407407407,803,False
1.3,0.1,116,50,41,0.43103448275862066,0.35344827586206895,0.5116484301818658,0.4330051285167335,False,False,1373,1202,1225,0.875455207574654,0.8922068463219228,False,64,384,0.8547854785478548,729,False
1.3,0.15,116,29,26,0.25,0.22413793103448276,0.32486066988678536,0.2971250606817547,False,False,1373,1140,1158,0.830298616168973,0.8434085943190095,False,64,323,0.8545067423704755,687,False
1.3,0.2,116,20,19,0.1724137931034483,0.16379310344827586,0.2405912188949647,0.23100839947367666,False,False,1373,1089,1087,0.7931536780772032,0.7916970138383103,False,64,302,0.8635329795299469,661,False
1.3,0.25,116,15,15,0.12931034482758622,0.12931034482758622,0.19211178902063925,0.19211178902063925,False,False,1373,1037,1033,0.7552804078659869,0.752367079388201,False,64,319,0.8665067945643485,640,False
1.3,0.3,116,13,13,0.11206896551724138,0.11206896551724138,0.17226235722653294,0.17226235722653294,False,False,1373,994,986,0.7239621267297888,0.718135469774217,False,64,272,0.8739495798319328,621,False
1.3,0.35,116,11,11,0.09482758620689655,0.09482758620689655,0.152078555674466,0.152078555674466,False,False,1373,970,947,0.7064821558630736,0.6897305171158048,False,64,279,0.8705473501303215,602,False
1.3,0.4,116,11,7,0.09482758620689655,0.0603448275862069,0.152078555674466,0.11035415705713712,False,False,1373,942,905,0.6860888565185724,0.6591405680990532,False,64,235,0.8816029143897997,590,False
1.3,0.45,116,10,6,0.08620689655172414,0.05172413793103448,0.14183826908913894,0.09953204461264444,False,False,1373,909,867,0.662053896576839,0.6314639475600874,False,64,234,0.8831908831908832,580,False
1.3,0.5,116,9,5,0.07758620689655173,0.04310344827586207,0.13148252365945562,0.08848944368717473,False,False,1373,891,831,0.6489439184268027,0.6052439912600146,False,64,186,0.8933859822309971,570,False
1.3,0.55,116,9,5,0.07758620689655173,0.04310344827586207,0.13148252365945562,0.08848944368717473,False,False,1373,878,824,0.6394756008739986,0.6001456664238893,False,64,125,0.8978978978978979,561,False
1.3,0.6,116,9,5,0.07758620689655173,0.04310344827586207,0.13148252365945562,0.08848944368717473,False,False,1373,868,824,0.6321922796795338,0.6001456664238893,False,64,96,0.9049544994944388,561,False
1.4,0.05,116,70,74,0.603448275862069,0.6379310344827587,0.6797861518366902,0.7123032756897454,False,False,1373,1281,1299,0.932993445010925,0.9461034231609614,False,54,310,0.8841387856257745,799,False
1.4,0.1,116,48,41,0.41379310344827586,0.35344827586206895,0.49433773994102687,0.4330051285167335,False,False,1373,1188,1215,0.8652585579024035,0.8849235251274581,False,54,384,0.8483033932135728,725,False
1.4,0.15,116,26,26,0.22413793103448276,0.22413793103448276,0.2971250606817547,0.2971250606817547,False,False,1373,1124,1142,0.8186453022578296,0.831755280407866,False,54,323,0.8489208633093526,683,False
1.4,0.2,116,17,19,0.14655172413793102,0.16379310344827586,0.21168075585907178,0.23100839947367666,False,False,1373,1072,1070,0.7807720320466133,0.7793153678077204,False,54,302,0.8575827559661278,656,False
1.4,0.25,116,12,15,0.10344827586206896,0.12931034482758622,0.16221640666497222,0.19211178902063925,False,False,1373,1017,1012,0.7407137654770576,0.7370721048798252,False,54,319,0.8576078112286412,633,False
1.4,0.3,116,10,13,0.08620689655172414,0.11206896551724138,0.14183826908913894,0.17226235722653294,False,False,1373,972,963,0.7079388201019665,0.7013838310269482,False,54,272,0.8693035253654342,613,False
1.4,0.35,116,8,11,0.06896551724137931,0.09482758620689655,0.12099489458458867,0.152078555674466,False,False,1373,946,919,0.6890021849963583,0.6693372177713037,False,54,279,0.8627450980392157,591,False
1.4,0.4,116,8,7,0.06896551724137931,0.0603448275862069,0.12099489458458867,0.11035415705713712,False,False,1373,916,875,0.6671522214129643,0.6372906045156591,False,54,235,0.8760563380281691,578,False
1.4,0.45,116,7,6,0.0603448275862069,0.05172413793103448,0.11035415705713712,0.09953204461264444,False,False,1373,880,837,0.6409322651128915,0.6096139839766934,False,54,234,0.8763493621197253,566,False
1.4,0.5,116,6,5,0.05172413793103448,0.04310344827586207,0.09953204461264444,0.08848944368717473,False,False,1373,862,799,0.627822286962855,0.5819373634377276,False,54,186,0.8903688524590164,555,False
1.4,0.55,116,6,5,0.05172413793103448,0.04310344827586207,0.09953204461264444,0.08848944368717473,False,False,1373,847,788,0.616897305171158,0.5739257101238164,False,54,125,0.8966597077244259,544,False
1.4,0.6,116,6,5,0.05172413793103448,0.04310344827586207,0.09953204461264444,0.08848944368717473,False,False,1373,837,788,0.6096139839766934,0.5739257101238164,False,54,96,0.9040084388185654,544,False
1.5,0.05,116,69,73,0.5948275862068966,0.6293103448275862,0.6715962352781651,0.7042110171882161,False,False,1373,1271,1295,0.9257101238164603,0.9431900946831755,False,49,310,0.880522713130056,796,False
1.5,0.1,116,47,40,0.4051724137931034,0.3448275862068966,0.4856476271888483,0.4241448663942594,False,False,1373,1175,1206,0.8557902403495994,0.8783685360524399,False,49,384,0.8418230563002681,720,False
1.5,0.15,116,25,25,0.21551724137931033,0.21551724137931033,0.2878066577616307,0.2878066577616307,False,False,1373,1104,1127,0.8040786598689003,0.820830298616169,False,49,323,0.8437956204379562,674,False
1.5,0.2,116,16,18,0.13793103448275862,0.15517241379310345,0.20192861114602434,0.22137271723487514,False,False,1373,1050,1054,0.764748725418791,0.7676620538965768,False,49,302,0.8498827208756842,646,False
1.5,0.25,116,11,14,0.09482758620689655,0.1206896551724138,0.152078555674466,0.18222507404002813,False,False,1373,991,991,0.7217771303714494,0.7217771303714494,False,49,319,0.8466003316749585,623,False
1.5,0.3,116,9,12,0.07758620689655173,0.10344827586206896,0.13148252365945562,0.16221640666497222,False,False,1373,944,939,0.6875455207574654,0.6839038601602331,False,49,272,0.8542581211589113,601,False
1.5,0.35,116,7,10,0.0603448275862069,0.08620689655172414,0.11035415705713712,0.14183826908913894,False,False,1373,916,895,0.6671522214129643,0.6518572469045885,False,49,279,0.8485401459854015,576,False
1.5,0.4,116,7,6,0.0603448275862069,0.05172413793103448,0.11035415705713712,0.09953204461264444,False,False,1373,884,848,0.6438455935906774,0.6176256372906045,False,49,235,0.863768115942029,563,False
1.5,0.45,116,6,5,0.05172413793103448,0.04310344827586207,0.09953204461264444,0.08848944368717473,False,False,1373,847,808,0.616897305171158,0.5884923525127458,False,49,234,0.8604651162790697,551,False
1.5,0.5,116,5,4,0.04310344827586207,0.034482758620689655,0.08848944368717473,0.07716943865883791,False,False,1373,827,767,0.6023306627822287,0.5586307356154406,False,49,186,0.870899470899471,539,False
1.5,0.55,116,5,4,0.04310344827586207,0.034482758620689655,0.08848944368717473,0.07716943865883791,False,False,1373,812,756,0.5914056809905317,0.5506190823015294,False,49,125,0.8872017353579176,528,False
1.5,0.6,116,5,4,0.04310344827586207,0.034482758620689655,0.08848944368717473,0.07716943865883791,False,False,1373,802,756,0.584122359796067,0.5506190823015294,False,49,96,0.8989010989010989,528,False
1.6,0.05,116,69,73,0.5948275862068966,0.6293103448275862,0.6715962352781651,0.7042110171882161,False,False,1373,1265,1290,0.9213401310997815,0.9395484340859432,False,54,310,0.875857766687461,794,False
1.6,0.1,116,47,40,0.4051724137931034,0.3448275862068966,0.4856476271888483,0.4241448663942594,False,False,1373,1163,1199,0.8470502549162418,0.8732702112163147,False,54,384,0.8368172623061362,717,False
1.6,0.15,116,25,25,0.21551724137931033,0.21551724137931033,0.2878066577616307,0.2878066577616307,False,False,1373,1087,1115,0.7916970138383103,0.8120903131828113,False,54,323,0.84159881569208,669,False
1.6,0.2,116,16,18,0.13793103448275862,0.15517241379310345,0.20192861114602434,0.22137271723487514,False,False,1373,1030,1039,0.7501820830298617,0.7567370721048798,False,54,302,0.8441971383147854,638,False
1.6,0.25,116,11,13,0.09482758620689655,0.11206896551724138,0.152078555674466,0.17226235722653294,False,False,1373,970,972,0.7064821558630736,0.7079388201019665,False,54,319,0.8361486486486487,614,False
1.6,0.3,116,9,11,0.07758620689655173,0.09482758620689655,0.13148252365945562,0.152078555674466,False,False,1373,921,916,0.6707938820101966,0.6671522214129643,False,54,272,0.8378136200716846,590,False
1.6,0.35,116,7,9,0.0603448275862069,0.07758620689655173,0.11035415705713712,0.13148252365945562,False,False,1373,891,872,0.6489439184268027,0.6351056081573198,False,54,279,0.8328664799253035,564,False
1.6,0.4,116,7,5,0.0603448275862069,0.04310344827586207,0.11035415705713712,0.08848944368717473,False,False,1373,855,823,0.6227239621267298,0.5994173343044428,False,54,235,0.8442460317460317,548,False
1.6,0.45,116,6,4,0.05172413793103448,0.034482758620689655,0.09953204461264444,0.07716943865883791,False,False,1373,817,783,0.5950473415877641,0.5702840495265841,False,54,234,0.8427083333333333,535,False
1.6,0.5,116,5,3,0.04310344827586207,0.02586206896551724,0.08848944368717473,0.06548327985535148,False,False,1373,795,741,0.5790240349599417,0.5396941005098325,False,54,186,0.8554216867469879,521,False
1.6,0.55,116,5,3,0.04310344827586207,0.02586206896551724,0.08848944368717473,0.06548327985535148,False,False,1373,777,729,0.5659140568099054,0.5309541150764748,False,54,125,0.8726042841037204,510,False
1.6,0.6,116,5,3,0.04310344827586207,0.02586206896551724,0.08848944368717473,0.06548327985535148,False,False,1373,766,729,0.5579024034959942,0.5309541150764748,False,54,96,0.8834285714285715,510,False
1.7,0.05,116,69,73,0.5948275862068966,0.6293103448275862,0.6715962352781651,0.7042110171882161,False,False,1373,1262,1288,0.9191551347414421,0.9380917698470502,False,47,310,0.8749218261413383,792,False
1.7,0.1,116,47,40,0.4051724137931034,0.3448275862068966,0.4856476271888483,0.4241448663942594,False,False,1373,1156,1193,0.8419519300801165,0.8689002184996358,False,47,384,0.8301759133964818,714,False
1.7,0.15,116,25,25,0.21551724137931033,0.21551724137931033,0.2878066577616307,0.2878066577616307,False,False,1373,1078,1105,0.7851420247632921,0.8048069919883467,False,47,323,0.8394324122479462,661,False
1.7,0.2,116,16,18,0.13793103448275862,0.15517241379310345,0.20192861114602434,0.22137271723487514,False,False,1373,1019,1026,0.7421704297159505,0.7472687545520758,False,47,302,0.8392282958199357,630,False
1.7,0.25,116,11,13,0.09482758620689655,0.11206896551724138,0.152078555674466,0.17226235722653294,False,False,1373,955,957,0.6955571740713765,0.6970138383102695,False,47,319,0.829477292202228,604,False
1.7,0.3,116,9,11,0.07758620689655173,0.09482758620689655,0.13148252365945562,0.152078555674466,False,False,1373,900,898,0.6554989075018208,0.6540422432629279,False,47,272,0.8359303391384051,580,False
1.7,0.35,116,7,9,0.0603448275862069,0.07758620689655173,0.11035415705713712,0.13148252365945562,False,False,1373,868,852,0.6321922796795338,0.6205389657683904,False,47,279,0.8295019157088123,553,False
1.7,0.4,116,7,5,0.0603448275862069,0.04310344827586207,0.11035415705713712,0.08848944368717473,False,False,1373,828,800,0.6030589949016751,0.5826656955571741,False,47,235,0.8403275332650972,536,False
1.7,0.45,116,6,4,0.05172413793103448,0.034482758620689655,0.09953204461264444,0.07716943865883791,False,False,1373,787,757,0.57319737800437,0.551347414420976,False,47,234,0.8369330453563715,522,False
1.7,0.5,116,5,3,0.04310344827586207,0.02586206896551724,0.08848944368717473,0.06548327985535148,False,False,1373,765,714,0.5571740713765477,0.5200291332847778,False,47,186,0.8496583143507973,508,False
1.7,0.55,116,5,3,0.04310344827586207,0.02586206896551724,0.08848944368717473,0.06548327985535148,False,False,1373,747,702,0.5440640932265113,0.5112891478514202,False,47,125,0.8717647058823529,497,False
1.7,0.6,116,5,3,0.04310344827586207,0.02586206896551724,0.08848944368717473,0.06548327985535148,False,False,1373,736,702,0.5360524399126001,0.5112891478514202,False,47,96,0.8841099163679809,497,False
1.8,0.05,116,69,73,0.5948275862068966,0.6293103448275862,0.6715962352781651,0.7042110171882161,False,False,1373,1261,1283,0.9184268026219956,0.9344501092498179,False,46,310,0.8717146433041302,788,False
1.8,0.1,116,47,39,0.4051724137931034,0.33620689655172414,0.4856476271888483,0.4152588785613726,False,False,1373,1149,1184,0.8368536052439912,0.8623452294246177,False,46,384,0.8229308005427408,707,False
1.8,0.15,116,25,24,0.21551724137931033,0.20689655172413793,0.2878066577616307,0.27844918314901657,False,False,1373,1069,1095,0.7785870356882738,0.797523670793882,False,46,323,0.8339594290007513,652,False
1.8,0.2,116,16,17,0.13793103448275862,0.14655172413793102,0.20192861114602434,0.21168075585907178,False,False,1373,1010,1014,0.7356154406409323,0.7385287691187181,False,46,302,0.8323886639676114,620,False
1.8,0.25,116,11,12,0.09482758620689655,0.10344827586206896,0.152078555674466,0.16221640666497222,False,False,1373,943,939,0.6868171886380189,0.6839038601602331,False,46,319,0.8206239168110918,594,False
1.8,0.3,116,9,10,0.07758620689655173,0.08620689655172414,0.13148252365945562,0.14183826908913894,False,False,1373,885,879,0.6445739257101238,0.640203932993445,False,46,272,0.8296089385474861,567,False
1.8,0.35,116,7,8,0.0603448275862069,0.06896551724137931,0.11035415705713712,0.12099489458458867,False,False,1373,851,831,0.619810633648944,0.6052439912600146,False,46,279,0.8224390243902439,539,False
1.8,0.4,116,7,4,0.0603448275862069,0.034482758620689655,0.11035415705713712,0.07716943865883791,False,False,1373,808,778,0.5884923525127458,0.5666423889293518,False,46,235,0.8345549738219895,522,False
1.8,0.45,116,6,3,0.05172413793103448,0.02586206896551724,0.09953204461264444,0.06548327985535148,False,False,1373,766,733,0.5579024034959942,0.5338674435542607,False,46,234,0.8335183129855716,508,False
1.8,0.5,116,5,2,0.04310344827586207,0.017241379310344827,0.08848944368717473,0.05327780685903724,False,False,1373,741,688,0.5396941005098325,0.5010924981791697,False,46,186,0.8448883666274971,494,False
1.8,0.55,116,5,2,0.04310344827586207,0.017241379310344827,0.08848944368717473,0.05327780685903724,False,False,1373,723,676,0.526584122359796,0.4923525127458121,False,46,125,0.8663426488456865,483,False
1.8,0.6,116,5,2,0.04310344827586207,0.017241379310344827,0.08848944368717473,0.05327780685903724,False,False,1373,711,676,0.5178441369264385,0.4923525127458121,False,46,96,0.8800988875154512,483,False
1.9,0.05,116,69,73,0.5948275862068966,0.6293103448275862,0.6715962352781651,0.7042110171882161,False,False,1373,1257,1282,0.9155134741442098,0.9337217771303714,False,43,310,0.8691296180338134,787,False
1.9,0.1,116,46,39,0.39655172413793105,0.33620689655172414,0.4769340600322786,0.4152588785613726,False,False,1373,1144,1181,0.833211944646759,0.8601602330662782,False,43,384,0.8204081632653061,705,False
1.9,0.15,116,23,24,0.19827586206896552,0.20689655172413793,0.26905091911852863,0.27844918314901657,False,False,1373,1060,1088,0.7720320466132556,0.7924253459577567,False,43,323,0.8284202569916855,648,False
1.9,0.2,116,14,17,0.1206896551724138,0.14655172413793102,0.18222507404002813,0.21168075585907178,False,False,1373,998,1004,0.7268754552075747,0.7312454479242535,False,43,302,0.8251633986928104,616,False
1.9,0.25,116,9,12,0.07758620689655173,0.10344827586206896,0.13148252365945562,0.16221640666497222,False,False,1373,930,927,0.6773488710852149,0.6751638747268754,False,43,319,0.8156277436347673,589,False
1.9,0.3,116,7,10,0.0603448275862069,0.08620689655172414,0.11035415705713712,0.14183826908913894,False,False,1373,870,866,0.6336489439184269,0.6307356154406409,False,43,272,0.8232514177693762,560,False
1.9,0.35,116,5,8,0.04310344827586207,0.06896551724137931,0.08848944368717473,0.12099489458458867,False,False,1373,834,816,0.607428987618354,0.5943190094683175,False,43,279,0.8170974155069582,531,False
1.9,0.4,116,5,4,0.04310344827586207,0.034482758620689655,0.08848944368717473,0.07716943865883791,False,False,1373,791,759,0.5761107064821559,0.5528040786598689,False,43,235,0.828693790149893,514,False
1.9,0.45,116,4,3,0.034482758620689655,0.02586206896551724,0.07716943865883791,0.06548327985535148,False,False,1373,748,712,0.5447924253459577,0.5185724690458849,False,43,234,0.8248009101251422,500,False
1.9,0.5,116,3,2,0.02586206896551724,0.017241379310344827,0.06548327985535148,0.05327780685903724,False,False,1373,723,666,0.526584122359796,0.4850691915513474,False,43,186,0.8414043583535109,482,False
1.9,0.55,116,3,2,0.02586206896551724,0.017241379310344827,0.06548327985535148,0.05327780685903724,False,False,1373,705,653,0.5134741442097597,0.47560087399854334,False,43,125,0.8621553884711779,471,False
1.9,0.6,116,3,2,0.02586206896551724,0.017241379310344827,0.06548327985535148,0.05327780685903724,False,False,1373,693,653,0.504734158776402,0.47560087399854334,False,43,96,0.8762755102040817,471,False
2.0,0.05,116,69,73,0.5948275862068966,0.6293103448275862,0.6715962352781651,0.7042110171882161,False,False,1373,1254,1279,0.9133284777858703,0.9315367807720321,False,35,310,0.8634940513462742,785,False
2.0,0.1,116,46,39,0.39655172413793105,0.33620689655172414,0.4769340600322786,0.4152588785613726,False,False,1373,1139,1176,0.8295702840495266,0.8565185724690458,False,35,384,0.8170648464163822,702,False
2.0,0.15,116,23,24,0.19827586206896552,0.20689655172413793,0.26905091911852863,0.27844918314901657,False,False,1373,1054,1080,0.7676620538965768,0.786598689002185,False,35,323,0.8258555133079848,644,False
2.0,0.2,116,14,17,0.1206896551724138,0.14655172413793102,0.18222507404002813,0.21168075585907178,False,False,1373,991,991,0.7217771303714494,0.7217771303714494,False,35,302,0.8234323432343235,611,False
2.0,0.25,116,9,12,0.07758620689655173,0.10344827586206896,0.13148252365945562,0.16221640666497222,False,False,1373,922,908,0.6715222141296431,0.6613255644573925,False,35,319,0.8097777777777778,583,False
2.0,0.3,116,7,10,0.0603448275862069,0.08620689655172414,0.11035415705713712,0.14183826908913894,False,False,1373,860,843,0.6263656227239621,0.6139839766933721,False,35,272,0.8165225744476465,552,False
2.0,0.35,116,5,8,0.04310344827586207,0.06896551724137931,0.08848944368717473,0.12099489458458867,False,False,1373,822,791,0.5986890021849963,0.5761107064821559,False,35,279,0.8131979695431472,523,False
2.0,0.4,116,5,4,0.04310344827586207,0.034482758620689655,0.08848944368717473,0.07716943865883791,False,False,1373,777,733,0.5659140568099054,0.5338674435542607,False,35,235,0.8283828382838284,506,False
2.0,0.45,116,4,3,0.034482758620689655,0.02586206896551724,0.07716943865883791,0.06548327985535148,False,False,1373,732,685,0.5331391114348143,0.4989075018208303,False,35,234,0.8229777256740914,491,False
2.0,0.5,116,3,2,0.02586206896551724,0.017241379310344827,0.06548327985535148,0.05327780685903724,False,False,1373,707,639,0.5149308084486526,0.4654042243262928,False,35,186,0.8446115288220551,472,False
2.0,0.55,116,3,2,0.02586206896551724,0.017241379310344827,0.06548327985535148,0.05327780685903724,False,False,1373,687,625,0.5003641660597232,0.45520757465404227,False,35,125,0.8647594278283485,461,False
2.0,0.6,116,3,2,0.02586206896551724,0.017241379310344827,0.06548327985535148,0.05327780685903724,False,False,1373,675,625,0.49162418062636565,0.45520757465404227,False,35,96,0.8819628647214854,461,False
