grammar,grid_id,scope,n_unique_masks_all,n_unique_masks_observed_safe,n_unique_masks_productive_safe,unique_mask_safe_ratio,unique_mask_productive_ratio,n_coords_productive_safe,n_grids,n_unique_masks_all_sum,n_unique_masks_observed_safe_sum,n_unique_masks_productive_safe_sum,unique_mask_safe_ratio_micro,unique_mask_productive_ratio_micro,note
G1_atom,S::abs_log_h::high_tail,per_registered_grid,87.0,0.0,0.0,0.0,0.0,0.0,,,,,,,
G1_atom,S::abs_log_h::low_tail,per_registered_grid,87.0,0.0,0.0,0.0,0.0,0.0,,,,,,,
G1_atom,S::abs_ratio_m1::high_tail,per_registered_grid,87.0,0.0,0.0,0.0,0.0,0.0,,,,,,,
G1_atom,S::abs_ratio_m1::low_tail,per_registered_grid,87.0,0.0,0.0,0.0,0.0,0.0,,,,,,,
G1_atom,S::dist_h::high_tail,per_registered_grid,87.0,0.0,0.0,0.0,0.0,0.0,,,,,,,
G1_atom,S::dist_h::low_tail,per_registered_grid,87.0,0.0,0.0,0.0,0.0,0.0,,,,,,,
G1_atom,S::resid_mean::high_tail,per_registered_grid,87.0,1.0,1.0,0.011494252873563218,0.011494252873563218,1.0,,,,,,,
G1_atom,S::resid_mean::low_tail,per_registered_grid,87.0,0.0,0.0,0.0,0.0,0.0,,,,,,,
G1_atom,S::score_m_bridge::high_tail,per_registered_grid,87.0,0.0,0.0,0.0,0.0,0.0,,,,,,,
G1_atom,S::score_m_bridge::low_tail,per_registered_grid,87.0,0.0,0.0,0.0,0.0,0.0,,,,,,,
G2_and,P::abs_log_h::high_tail__abs_ratio_m1::high_tail,per_registered_grid,39.0,0.0,0.0,0.0,0.0,0.0,,,,,,,
G2_and,P::abs_log_h::high_tail__abs_ratio_m1::low_tail,per_registered_grid,221.0,1.0,1.0,0.004524886877828055,0.004524886877828055,1.0,,,,,,,
G2_and,P::abs_log_h::high_tail__dist_h::high_tail,per_registered_grid,293.0,0.0,0.0,0.0,0.0,0.0,,,,,,,
G2_and,P::abs_log_h::high_tail__dist_h::low_tail,per_registered_grid,303.0,0.0,0.0,0.0,0.0,0.0,,,,,,,
G2_and,P::abs_log_h::high_tail__resid_mean::high_tail,per_registered_grid,283.0,1.0,1.0,0.0035335689045936395,0.0035335689045936395,18.0,,,,,,,
G2_and,P::abs_log_h::high_tail__resid_mean::low_tail,per_registered_grid,283.0,2.0,2.0,0.007067137809187279,0.007067137809187279,6.0,,,,,,,
G2_and,P::abs_log_h::high_tail__score_m_bridge::high_tail,per_registered_grid,296.0,0.0,0.0,0.0,0.0,0.0,,,,,,,
G2_and,P::abs_log_h::high_tail__score_m_bridge::low_tail,per_registered_grid,305.0,4.0,4.0,0.013114754098360656,0.013114754098360656,12.0,,,,,,,
G2_and,P::abs_log_h::low_tail__abs_ratio_m1::high_tail,per_registered_grid,220.0,2.0,2.0,0.00909090909090909,0.00909090909090909,3.0,,,,,,,
G2_and,P::abs_log_h::low_tail__abs_ratio_m1::low_tail,per_registered_grid,36.0,0.0,0.0,0.0,0.0,0.0,,,,,,,
G2_and,P::abs_log_h::low_tail__dist_h::high_tail,per_registered_grid,309.0,1.0,1.0,0.003236245954692557,0.003236245954692557,1.0,,,,,,,
G2_and,P::abs_log_h::low_tail__dist_h::low_tail,per_registered_grid,281.0,1.0,1.0,0.0035587188612099642,0.0035587188612099642,1.0,,,,,,,
G2_and,P::abs_log_h::low_tail__resid_mean::high_tail,per_registered_grid,285.0,1.0,1.0,0.0035087719298245615,0.0035087719298245615,3.0,,,,,,,
G2_and,P::abs_log_h::low_tail__resid_mean::low_tail,per_registered_grid,286.0,0.0,0.0,0.0,0.0,0.0,,,,,,,
G2_and,P::abs_log_h::low_tail__score_m_bridge::high_tail,per_registered_grid,302.0,0.0,0.0,0.0,0.0,0.0,,,,,,,
G2_and,P::abs_log_h::low_tail__score_m_bridge::low_tail,per_registered_grid,290.0,1.0,1.0,0.0034482758620689655,0.0034482758620689655,2.0,,,,,,,
G2_and,P::abs_ratio_m1::high_tail__dist_h::high_tail,per_registered_grid,295.0,0.0,0.0,0.0,0.0,0.0,,,,,,,
G2_and,P::abs_ratio_m1::high_tail__dist_h::low_tail,per_registered_grid,301.0,0.0,0.0,0.0,0.0,0.0,,,,,,,
G2_and,P::abs_ratio_m1::high_tail__resid_mean::high_tail,per_registered_grid,290.0,1.0,1.0,0.0034482758620689655,0.0034482758620689655,18.0,,,,,,,
G2_and,P::abs_ratio_m1::high_tail__resid_mean::low_tail,per_registered_grid,282.0,2.0,2.0,0.0070921985815602835,0.0070921985815602835,6.0,,,,,,,
G2_and,P::abs_ratio_m1::high_tail__score_m_bridge::high_tail,per_registered_grid,300.0,0.0,0.0,0.0,0.0,0.0,,,,,,,
G2_and,P::abs_ratio_m1::high_tail__score_m_bridge::low_tail,per_registered_grid,300.0,4.0,4.0,0.013333333333333334,0.013333333333333334,10.0,,,,,,,
G2_and,P::abs_ratio_m1::low_tail__dist_h::high_tail,per_registered_grid,308.0,1.0,1.0,0.003246753246753247,0.003246753246753247,1.0,,,,,,,
G2_and,P::abs_ratio_m1::low_tail__dist_h::low_tail,per_registered_grid,281.0,1.0,1.0,0.0035587188612099642,0.0035587188612099642,1.0,,,,,,,
G2_and,P::abs_ratio_m1::low_tail__resid_mean::high_tail,per_registered_grid,288.0,1.0,1.0,0.003472222222222222,0.003472222222222222,3.0,,,,,,,
G2_and,P::abs_ratio_m1::low_tail__resid_mean::low_tail,per_registered_grid,286.0,0.0,0.0,0.0,0.0,0.0,,,,,,,
G2_and,P::abs_ratio_m1::low_tail__score_m_bridge::high_tail,per_registered_grid,297.0,0.0,0.0,0.0,0.0,0.0,,,,,,,
G2_and,P::abs_ratio_m1::low_tail__score_m_bridge::low_tail,per_registered_grid,284.0,1.0,1.0,0.0035211267605633804,0.0035211267605633804,2.0,,,,,,,
G2_and,P::dist_h::high_tail__resid_mean::high_tail,per_registered_grid,231.0,1.0,1.0,0.004329004329004329,0.004329004329004329,17.0,,,,,,,
G2_and,P::dist_h::high_tail__resid_mean::low_tail,per_registered_grid,278.0,1.0,1.0,0.0035971223021582736,0.0035971223021582736,2.0,,,,,,,
G2_and,P::dist_h::high_tail__score_m_bridge::high_tail,per_registered_grid,134.0,0.0,0.0,0.0,0.0,0.0,,,,,,,
G2_and,P::dist_h::high_tail__score_m_bridge::low_tail,per_registered_grid,252.0,0.0,0.0,0.0,0.0,0.0,,,,,,,
G2_and,P::dist_h::low_tail__resid_mean::high_tail,per_registered_grid,294.0,1.0,1.0,0.003401360544217687,0.003401360544217687,4.0,,,,,,,
G2_and,P::dist_h::low_tail__resid_mean::low_tail,per_registered_grid,251.0,0.0,0.0,0.0,0.0,0.0,,,,,,,
G2_and,P::dist_h::low_tail__score_m_bridge::high_tail,per_registered_grid,259.0,0.0,0.0,0.0,0.0,0.0,,,,,,,
G2_and,P::dist_h::low_tail__score_m_bridge::low_tail,per_registered_grid,127.0,0.0,0.0,0.0,0.0,0.0,,,,,,,
G2_and,P::resid_mean::high_tail__score_m_bridge::high_tail,per_registered_grid,183.0,1.0,1.0,0.00546448087431694,0.00546448087431694,19.0,,,,,,,
G2_and,P::resid_mean::high_tail__score_m_bridge::low_tail,per_registered_grid,272.0,3.0,3.0,0.011029411764705883,0.011029411764705883,19.0,,,,,,,
G2_and,P::resid_mean::low_tail__score_m_bridge::high_tail,per_registered_grid,260.0,1.0,1.0,0.0038461538461538464,0.0038461538461538464,4.0,,,,,,,
G2_and,P::resid_mean::low_tail__score_m_bridge::low_tail,per_registered_grid,176.0,0.0,0.0,0.0,0.0,0.0,,,,,,,
G3_or,P::abs_log_h::high_tail__abs_ratio_m1::high_tail,per_registered_grid,37.0,0.0,0.0,0.0,0.0,0.0,,,,,,,
G3_or,P::abs_log_h::high_tail__abs_ratio_m1::low_tail,per_registered_grid,218.0,0.0,0.0,0.0,0.0,0.0,,,,,,,
G3_or,P::abs_log_h::high_tail__dist_h::high_tail,per_registered_grid,279.0,0.0,0.0,0.0,0.0,0.0,,,,,,,
G3_or,P::abs_log_h::high_tail__dist_h::low_tail,per_registered_grid,302.0,0.0,0.0,0.0,0.0,0.0,,,,,,,
G3_or,P::abs_log_h::high_tail__resid_mean::high_tail,per_registered_grid,280.0,0.0,0.0,0.0,0.0,0.0,,,,,,,
G3_or,P::abs_log_h::high_tail__resid_mean::low_tail,per_registered_grid,285.0,0.0,0.0,0.0,0.0,0.0,,,,,,,
G3_or,P::abs_log_h::high_tail__score_m_bridge::high_tail,per_registered_grid,291.0,0.0,0.0,0.0,0.0,0.0,,,,,,,
G3_or,P::abs_log_h::high_tail__score_m_bridge::low_tail,per_registered_grid,290.0,0.0,0.0,0.0,0.0,0.0,,,,,,,
G3_or,P::abs_log_h::low_tail__abs_ratio_m1::high_tail,per_registered_grid,218.0,0.0,0.0,0.0,0.0,0.0,,,,,,,
G3_or,P::abs_log_h::low_tail__abs_ratio_m1::low_tail,per_registered_grid,35.0,0.0,0.0,0.0,0.0,0.0,,,,,,,
G3_or,P::abs_log_h::low_tail__dist_h::high_tail,per_registered_grid,301.0,0.0,0.0,0.0,0.0,0.0,,,,,,,
G3_or,P::abs_log_h::low_tail__dist_h::low_tail,per_registered_grid,297.0,0.0,0.0,0.0,0.0,0.0,,,,,,,
G3_or,P::abs_log_h::low_tail__resid_mean::high_tail,per_registered_grid,281.0,0.0,0.0,0.0,0.0,0.0,,,,,,,
G3_or,P::abs_log_h::low_tail__resid_mean::low_tail,per_registered_grid,274.0,0.0,0.0,0.0,0.0,0.0,,,,,,,
G3_or,P::abs_log_h::low_tail__score_m_bridge::high_tail,per_registered_grid,304.0,0.0,0.0,0.0,0.0,0.0,,,,,,,
G3_or,P::abs_log_h::low_tail__score_m_bridge::low_tail,per_registered_grid,291.0,0.0,0.0,0.0,0.0,0.0,,,,,,,
G3_or,P::abs_ratio_m1::high_tail__dist_h::high_tail,per_registered_grid,278.0,0.0,0.0,0.0,0.0,0.0,,,,,,,
G3_or,P::abs_ratio_m1::high_tail__dist_h::low_tail,per_registered_grid,305.0,0.0,0.0,0.0,0.0,0.0,,,,,,,
G3_or,P::abs_ratio_m1::high_tail__resid_mean::high_tail,per_registered_grid,279.0,0.0,0.0,0.0,0.0,0.0,,,,,,,
G3_or,P::abs_ratio_m1::high_tail__resid_mean::low_tail,per_registered_grid,297.0,0.0,0.0,0.0,0.0,0.0,,,,,,,
G3_or,P::abs_ratio_m1::high_tail__score_m_bridge::high_tail,per_registered_grid,285.0,0.0,0.0,0.0,0.0,0.0,,,,,,,
G3_or,P::abs_ratio_m1::high_tail__score_m_bridge::low_tail,per_registered_grid,297.0,0.0,0.0,0.0,0.0,0.0,,,,,,,
G3_or,P::abs_ratio_m1::low_tail__dist_h::high_tail,per_registered_grid,299.0,0.0,0.0,0.0,0.0,0.0,,,,,,,
G3_or,P::abs_ratio_m1::low_tail__dist_h::low_tail,per_registered_grid,293.0,0.0,0.0,0.0,0.0,0.0,,,,,,,
G3_or,P::abs_ratio_m1::low_tail__resid_mean::high_tail,per_registered_grid,281.0,0.0,0.0,0.0,0.0,0.0,,,,,,,
G3_or,P::abs_ratio_m1::low_tail__resid_mean::low_tail,per_registered_grid,277.0,0.0,0.0,0.0,0.0,0.0,,,,,,,
G3_or,P::abs_ratio_m1::low_tail__score_m_bridge::high_tail,per_registered_grid,299.0,0.0,0.0,0.0,0.0,0.0,,,,,,,
G3_or,P::abs_ratio_m1::low_tail__score_m_bridge::low_tail,per_registered_grid,285.0,0.0,0.0,0.0,0.0,0.0,,,,,,,
G3_or,P::dist_h::high_tail__resid_mean::high_tail,per_registered_grid,248.0,0.0,0.0,0.0,0.0,0.0,,,,,,,
G3_or,P::dist_h::high_tail__resid_mean::low_tail,per_registered_grid,285.0,0.0,0.0,0.0,0.0,0.0,,,,,,,
G3_or,P::dist_h::high_tail__score_m_bridge::high_tail,per_registered_grid,126.0,0.0,0.0,0.0,0.0,0.0,,,,,,,
G3_or,P::dist_h::high_tail__score_m_bridge::low_tail,per_registered_grid,251.0,0.0,0.0,0.0,0.0,0.0,,,,,,,
G3_or,P::dist_h::low_tail__resid_mean::high_tail,per_registered_grid,277.0,0.0,0.0,0.0,0.0,0.0,,,,,,,
G3_or,P::dist_h::low_tail__resid_mean::low_tail,per_registered_grid,233.0,0.0,0.0,0.0,0.0,0.0,,,,,,,
G3_or,P::dist_h::low_tail__score_m_bridge::high_tail,per_registered_grid,249.0,0.0,0.0,0.0,0.0,0.0,,,,,,,
G3_or,P::dist_h::low_tail__score_m_bridge::low_tail,per_registered_grid,137.0,0.0,0.0,0.0,0.0,0.0,,,,,,,
G3_or,P::resid_mean::high_tail__score_m_bridge::high_tail,per_registered_grid,173.0,0.0,0.0,0.0,0.0,0.0,,,,,,,
G3_or,P::resid_mean::high_tail__score_m_bridge::low_tail,per_registered_grid,259.0,0.0,0.0,0.0,0.0,0.0,,,,,,,
G3_or,P::resid_mean::low_tail__score_m_bridge::high_tail,per_registered_grid,270.0,0.0,0.0,0.0,0.0,0.0,,,,,,,
G3_or,P::resid_mean::low_tail__score_m_bridge::low_tail,per_registered_grid,181.0,0.0,0.0,0.0,0.0,0.0,,,,,,,
G1_atom,,grid_scoped_micro,,,,,,,10.0,870.0,1.0,1.0,0.0011494252873563218,0.0011494252873563218,sum of per-grid unique-mask counts; NOT global mask-string dedupe
G2_and,,grid_scoped_micro,,,,,,,40.0,10261.0,33.0,33.0,0.003216060812786278,0.003216060812786278,sum of per-grid unique-mask counts; NOT global mask-string dedupe
G3_or,,grid_scoped_micro,,,,,,,40.0,10147.0,0.0,0.0,0.0,0.0,sum of per-grid unique-mask counts; NOT global mask-string dedupe
