event_key,seq,gap,gt_match,offline_bridge_dist,ca_bdist,offline_h_ref,ca_h_ref,ca_la,true_gap,offline_fwd_r,offline_bwd_r,ca_fwd_r,ca_bwd_r,offline_dist_h,ca_dist_h,gap_bin,offline_h_ref_bin,ca_h_ref_bin,offline_bridge_bin,ca_bdist_bin,regime,regime_count,n_su_total,n_sa,gap_pool_median
MOT17-02-SDP|71|86|441|467,MOT17-02-SDP,26,0,0.3385902906,0.4798828364,89.47,80.6760558265,29,26,0.6430402764,0.0580220042,1.0482760256,0.0927687024,0.3491514509,0.3359544762,11-26,q25-q50,q25-q50,<=q25,<=q25,gap=11-26|seq=MOT17-02-SDP|gt=0,1,84,2456,13
MOT17-05-SDP|214|220|18|33,MOT17-05-SDP,15,0,0.3064258477,0.8453870953,75.72,75.3304387524,18,15,0.3061621927,0.9146870212,0.136293856,1.298476469,1.1133084821,1.1211549047,11-26,<=q25,<=q25,<=q25,<=q25,gap=11-26|seq=MOT17-05-SDP|gt=0,11,84,2456,13
MOT17-05-SDP|214|221|18|34,MOT17-05-SDP,16,1,0.3615737557,0.71130861,76.54,75.9109637524,19,16,0.0379207403,0.7504384301,0.1771098191,1.0835571994,0.8730627071,0.8836706919,11-26,<=q25,<=q25,<=q25,<=q25,gap=11-26|seq=MOT17-05-SDP|gt=1,4,84,2456,13
MOT17-05-SDP|214|222|18|34,MOT17-05-SDP,16,0,0.3510915083,0.7738581416,79.935,79.4866712524,19,16,0.201802724,0.8302114459,0.075604778,1.2074541617,1.0149087213,1.036407324,11-26,<=q25,q25-q50,<=q25,<=q25,gap=11-26|seq=MOT17-05-SDP|gt=0,11,84,2456,13
MOT17-05-SDP|215|220|19|33,MOT17-05-SDP,14,0,0.1691614268,1.0038678644,75.285,73.1742726239,17,14,0.7800749476,0.4507903002,0.6577094821,0.853078757,1.4532533189,1.4948059749,11-26,<=q25,<=q25,<=q25,<=q25,gap=11-26|seq=MOT17-05-SDP|gt=0,11,84,2456,13
MOT17-05-SDP|215|221|19|34,MOT17-05-SDP,15,0,0.0915677405,0.7720181692,76.105,73.7547976239,18,15,0.5034842293,0.3259758985,0.3922257889,0.6660489048,1.2081457613,1.2463180068,11-26,<=q25,<=q25,<=q25,<=q25,gap=11-26|seq=MOT17-05-SDP|gt=0,11,84,2456,13
MOT17-05-SDP|215|222|19|34,MOT17-05-SDP,15,0,0.2097389629,0.9092524429,79.5,77.3305051239,18,15,0.6371210116,0.4477376336,0.5000670298,0.804511784,1.3315847084,1.3779041976,11-26,<=q25,<=q25,<=q25,<=q25,gap=11-26|seq=MOT17-05-SDP|gt=0,11,84,2456,13
MOT17-05-SDP|218|224|50|72,MOT17-05-SDP,22,1,0.3428959996,3.6133141908,51.235,47.5970539701,25,22,0.7220477503,0.4160947144,3.6317686003,3.5948597814,1.0781962894,1.1661467928,11-26,<=q25,<=q25,<=q25,q50-q75,gap=11-26|seq=MOT17-05-SDP|gt=1,4,84,2456,13
MOT17-05-SDP|219|264|292|310,MOT17-05-SDP,18,1,0.3588566431,1.5572901029,121.95,148.0300592002,21,18,1.3322939341,2.0185871098,1.3996758763,1.8038267522,1.0181900603,0.8389797378,11-26,q50-q75,q50-q75,<=q25,q25-q50,gap=11-26|seq=MOT17-05-SDP|gt=1,4,84,2456,13
MOT17-05-SDP|219|265|292|311,MOT17-05-SDP,19,0,0.3541391898,1.7093807041,246.41,278.1361292002,22,19,2.3515888518,1.9791786121,2.1845892052,1.9365089594,1.1998467764,0.9385648488,11-26,>q75,>q75,<=q25,q25-q50,gap=11-26|seq=MOT17-05-SDP|gt=0,11,84,2456,13
MOT17-05-SDP|243|251|269|284,MOT17-05-SDP,15,0,0.2599259672,1.5417995943,234.605,190.7179527754,18,15,1.1932550247,0.8563162653,1.9843460164,1.0992531721,0.5403168737,0.6045167214,11-26,>q75,q50-q75,<=q25,q25-q50,gap=11-26|seq=MOT17-05-SDP|gt=0,11,84,2456,13
MOT17-05-SDP|246|261|296|306,MOT17-05-SDP,10,0,0.2702055633,0.4552793957,192.655,197.6342761551,13,10,0.3110362662,0.5570962669,0.3236161398,0.5540962871,0.6058791874,0.4958813411,1-10,q50-q75,>q75,<=q25,<=q25,gap=1-10|seq=MOT17-05-SDP|gt=0,8,84,2456,13
MOT17-05-SDP|246|264|296|310,MOT17-05-SDP,14,1,0.2469581682,1.0538844615,129.98,133.4559967801,17,14,1.2154737885,0.850344947,1.4231970785,0.9759984923,0.1518945572,0.1085345894,11-26,q50-q75,q50-q75,<=q25,<=q25,gap=11-26|seq=MOT17-05-SDP|gt=1,4,84,2456,13
MOT17-05-SDP|247|252|277|285,MOT17-05-SDP,8,0,0.179752281,0.5448571317,241.61,246.9610880922,11,8,0.3716196193,0.2671989483,0.7782815711,0.3440434666,0.7643819401,0.4673306874,1-10,>q75,>q75,<=q25,<=q25,gap=1-10|seq=MOT17-05-SDP|gt=0,8,84,2456,13
MOT17-05-SDP|247|253|277|285,MOT17-05-SDP,8,0,0.0735263346,0.5952517001,213.035,217.6217643422,11,8,0.3345773925,0.1900915595,0.9876581876,0.2893996609,0.4941546802,0.2773968869,1-10,q50-q75,>q75,<=q25,<=q25,gap=1-10|seq=MOT17-05-SDP|gt=0,8,84,2456,13
MOT17-05-SDP|279|286|381|389,MOT17-05-SDP,8,1,0.2506157743,1.1904548569,35.44,35.2391944328,11,8,0.6237680028,1.0484990851,0.5460130923,1.8201772277,1.2249328033,1.2313991266,1-10,<=q25,<=q25,<=q25,q25-q50,gap=1-10|seq=MOT17-05-SDP|gt=1,3,84,2456,13
MOT17-05-SDP|280|286|385|389,MOT17-05-SDP,4,1,0.3618401192,1.0136754515,36.005,35.7696896862,7,4,0.181472173,0.5587144011,0.7087774261,1.3185734769,0.6333380165,0.6423728485,1-10,<=q25,<=q25,<=q25,<=q25,gap=1-10|seq=MOT17-05-SDP|gt=1,3,84,2456,13
MOT17-05-SDP|281|294|438|447,MOT17-05-SDP,9,0,0.2383044371,0.56999712,70.985,71.1855137916,12,9,0.6666097203,0.5161660407,0.8314262443,0.646134272,0.14045567,0.1389553617,1-10,<=q25,<=q25,<=q25,<=q25,gap=1-10|seq=MOT17-05-SDP|gt=0,8,84,2456,13
MOT17-05-SDP|282|294|438|447,MOT17-05-SDP,9,1,0.1599112963,0.4673164855,74.65,74.2007117184,12,9,0.3843248801,0.5966424101,0.5620713033,0.7464019873,0.0946300943,0.1278013947,1-10,<=q25,<=q25,<=q25,<=q25,gap=1-10|seq=MOT17-05-SDP|gt=1,3,84,2456,13
MOT17-05-SDP|314|322|638|645,MOT17-05-SDP,7,0,0.1068376926,0.6909440012,160.35,199.1605509825,10,7,0.1839358019,0.0338292083,1.2289534168,0.1529345856,0.1750185087,0.2421853065,1-10,q50-q75,>q75,<=q25,<=q25,gap=1-10|seq=MOT17-05-SDP|gt=0,8,84,2456,13
MOT17-05-SDP|318|333|694|706,MOT17-05-SDP,12,0,0.2254256112,0.5807447463,218.875,229.7763915349,15,12,0.7960056174,0.5266174687,0.6706871885,0.4282340742,0.6620272454,0.5961425774,11-26,>q75,>q75,<=q25,<=q25,gap=11-26|seq=MOT17-05-SDP|gt=0,11,84,2456,13
MOT17-05-SDP|320|346|742|760,MOT17-05-SDP,18,0,0.3387343832,0.6859383678,139.125,142.3230960413,21,18,0.768814941,0.1354989952,0.5538743533,0.3520412301,0.8717632824,0.8238816308,11-26,q50-q75,q50-q75,<=q25,<=q25,gap=11-26|seq=MOT17-05-SDP|gt=0,11,84,2456,13
MOT17-05-SDP|322|327|656|681,MOT17-05-SDP,25,0,0.0603547297,0.6866470484,178.27,181.2335418734,28,25,0.6530308833,0.5578030063,0.7566835082,0.5061127377,0.8348785664,0.8028321066,11-26,q50-q75,q50-q75,<=q25,<=q25,gap=11-26|seq=MOT17-05-SDP|gt=0,11,84,2456,13
MOT17-05-SDP|340|360|775|791,MOT17-05-SDP,16,0,0.3527376138,0.6702251379,101.345,103.8712290868,19,16,0.7711639507,0.1965432847,0.7019429442,0.6847611508,0.7145862347,0.6605166763,11-26,q25-q50,q25-q50,<=q25,<=q25,gap=11-26|seq=MOT17-05-SDP|gt=0,11,84,2456,13
MOT17-05-SDP|347|353|771|777,MOT17-05-SDP,6,0,0.0922678395,0.7935504733,95.815,87.8961302816,9,6,0.427056023,0.3989546633,0.9918358407,0.6705942171,0.0231854524,0.0195779032,1-10,q25-q50,q25-q50,<=q25,<=q25,gap=1-10|seq=MOT17-05-SDP|gt=0,8,84,2456,13
MOT17-05-SDP|349|367|809|815,MOT17-05-SDP,6,0,0.2878540718,0.5462049562,139.28,130.400260762,9,6,0.5737009133,0.0158483009,0.99181968,0.2153606049,0.3369638858,0.3572870241,1-10,q50-q75,q50-q75,<=q25,<=q25,gap=1-10|seq=MOT17-05-SDP|gt=0,8,84,2456,13
MOT17-05-SDP|353|362|786|795,MOT17-05-SDP,9,0,0.2303074816,0.417371552,122.195,101.2438826586,12,9,0.2042288213,0.5379699537,0.4068155898,0.8374329366,0.0850825658,0.1184688649,1-10,q50-q75,q25-q50,<=q25,<=q25,gap=1-10|seq=MOT17-05-SDP|gt=0,8,84,2456,13
MOT17-09-SDP|381|392|186|206,MOT17-09-SDP,20,0,0.2623116638,1.5980461661,449.755,489.5811150236,23,20,0.4511441354,0.073480452,3.0325212686,0.1635710636,0.2903341189,0.26628974,11-26,>q75,>q75,<=q25,q25-q50,gap=11-26|seq=MOT17-09-SDP|gt=0,2,84,2456,13
MOT17-09-SDP|389|392|190|206,MOT17-09-SDP,16,1,0.1134595347,0.5201131724,400.705,402.1184825,19,16,0.0630307588,0.2068891381,0.5201131724,0.179403492,0.52527554,0.5201131724,11-26,>q75,>q75,<=q25,<=q25,gap=11-26|seq=MOT17-09-SDP|gt=1,1,84,2456,13
MOT17-09-SDP|397|409|472|490,MOT17-09-SDP,18,0,0.3342725265,0.5374089963,909.915,837.1847594611,21,18,0.8811838422,0.2211734249,1.0660359278,0.3469218326,0.3591312892,0.3417344381,11-26,>q75,>q75,<=q25,<=q25,gap=11-26|seq=MOT17-09-SDP|gt=0,2,84,2456,13
MOT17-10-SDP|415|435|27|30,MOT17-10-SDP,3,1,0.2152001552,1.0922509764,71.8,70.9623290758,6,3,0.112660262,0.3180807863,1.6537410556,0.5307608971,1.0171661357,1.0311657518,1-10,<=q25,<=q25,<=q25,<=q25,gap=1-10|seq=MOT17-10-SDP|gt=1,4,84,2456,13
MOT17-10-SDP|419|481|207|219,MOT17-10-SDP,12,0,0.3676552377,0.6545375783,124.2,120.014164005,15,12,0.2519072676,0.6747889859,0.6291183532,0.6390769041,0.8359720421,0.8550183134,11-26,q50-q75,q50-q75,<=q25,<=q25,gap=11-26|seq=MOT17-10-SDP|gt=0,15,84,2456,13
MOT17-10-SDP|419|485|207|222,MOT17-10-SDP,15,1,0.0279994519,0.7939968148,131.13,127.442984005,18,15,0.4208299244,0.3648513213,1.0144824636,0.6095467999,0.6399878281,0.66107096,11-26,q50-q75,q50-q75,<=q25,<=q25,gap=11-26|seq=MOT17-10-SDP|gt=1,9,84,2456,13
MOT17-10-SDP|430|455|73|97,MOT17-10-SDP,24,1,0.0665676586,0.6544318251,58.46,58.0958546554,27,24,0.6783119849,0.5932287332,0.9448663645,0.5575542603,0.5075333241,0.514546691,11-26,<=q25,<=q25,<=q25,<=q25,gap=11-26|seq=MOT17-10-SDP|gt=1,9,84,2456,13
MOT17-10-SDP|432|444|38|52,MOT17-10-SDP,14,0,0.1154138364,0.7931499256,71.67,70.2301175793,17,14,0.6307401458,0.4442937091,1.0240100418,0.5622898094,1.5008149435,1.5193579587,11-26,<=q25,<=q25,<=q25,<=q25,gap=11-26|seq=MOT17-10-SDP|gt=0,15,84,2456,13
MOT17-10-SDP|437|446|49|57,MOT17-10-SDP,8,0,0.3385106188,1.5603716855,63.205,62.5562118736,11,8,0.3046099553,0.4475342506,2.6606881233,0.4600552476,0.5464746083,0.5506330013,1-10,<=q25,<=q25,<=q25,q25-q50,gap=1-10|seq=MOT17-10-SDP|gt=0,4,84,2456,13
MOT17-10-SDP|448|459|120|133,MOT17-10-SDP,13,0,0.3531923829,0.7097419812,96.665,83.7857475781,16,13,0.6640864889,0.2520791403,1.032932055,0.3865519075,1.2084005168,1.3958459503,11-26,q25-q50,q25-q50,<=q25,<=q25,gap=11-26|seq=MOT17-10-SDP|gt=0,15,84,2456,13
MOT17-10-SDP|449|498|259|276,MOT17-10-SDP,17,0,0.3200758414,0.4615496173,142.76,142.7813339857,20,17,0.3411924168,0.9799381285,0.589894562,1.1430528502,0.1417264591,0.1556124648,11-26,q50-q75,q50-q75,<=q25,<=q25,gap=11-26|seq=MOT17-10-SDP|gt=0,15,84,2456,13
MOT17-10-SDP|453|470|165|177,MOT17-10-SDP,12,0,0.2669115632,0.5771101678,116.905,114.0178231549,15,12,0.5023928984,0.1490548586,1.0993071563,0.171949248,0.3610514096,0.2540071654,11-26,q25-q50,q50-q75,<=q25,<=q25,gap=11-26|seq=MOT17-10-SDP|gt=0,15,84,2456,13
MOT17-10-SDP|456|459|130|133,MOT17-10-SDP,3,1,0.180058235,0.6944028991,107.065,92.1060986882,6,3,0.2498606647,0.1102572641,1.0706233878,0.3181824105,0.2618695837,0.2373412444,1-10,q25-q50,q25-q50,<=q25,<=q25,gap=1-10|seq=MOT17-10-SDP|gt=1,4,84,2456,13
MOT17-10-SDP|458|474|167|180,MOT17-10-SDP,13,1,0.3486487074,0.6768497457,67.255,80.3678459991,16,13,0.3927387632,0.7687602355,0.6345449883,0.6730284452,1.3230496513,1.0989962511,11-26,<=q25,q25-q50,<=q25,<=q25,gap=11-26|seq=MOT17-10-SDP|gt=1,9,84,2456,13
MOT17-10-SDP|459|464|160|162,MOT17-10-SDP,2,0,0.0375777244,0.5066221397,98.855,100.8829644652,5,2,0.0908814724,0.0895426629,0.8098789391,0.2033653404,0.0305499626,0.0175516784,1-10,q25-q50,q25-q50,<=q25,<=q25,gap=1-10|seq=MOT17-10-SDP|gt=0,4,84,2456,13
MOT17-10-SDP|462|470|158|177,MOT17-10-SDP,19,0,0.3971797515,0.4565918415,109.08,108.3309935,22,19,0.589636194,0.2530736109,0.5358060206,0.3892554772,0.4913567063,0.4550424794,11-26,q25-q50,q25-q50,<=q25,<=q25,gap=11-26|seq=MOT17-10-SDP|gt=0,15,84,2456,13
MOT17-10-SDP|469|486|198|223,MOT17-10-SDP,25,0,0.145241348,0.4600503841,118.91,109.8950355589,28,25,0.3155526352,0.1307096607,0.3419422994,0.3767699758,0.528898755,0.5678000039,11-26,q50-q75,q25-q50,<=q25,<=q25,gap=11-26|seq=MOT17-10-SDP|gt=0,15,84,2456,13
MOT17-10-SDP|489|512|305|311,MOT17-10-SDP,6,1,0.1853313022,0.4109924695,59.065,57.464811064,9,6,0.0564466536,0.3572428338,0.4730025075,0.3800450395,0.3115691063,0.3185793788,1-10,<=q25,<=q25,<=q25,<=q25,gap=1-10|seq=MOT17-10-SDP|gt=1,4,84,2456,13
MOT17-10-SDP|489|516|305|319,MOT17-10-SDP,14,1,0.1115188203,1.0891322534,59.605,57.737536689,17,14,0.7881640093,0.618435346,1.5180997172,1.0145940798,0.0664871943,0.0517725985,11-26,<=q25,<=q25,<=q25,<=q25,gap=11-26|seq=MOT17-10-SDP|gt=1,9,84,2456,13
MOT17-10-SDP|496|524|352|365,MOT17-10-SDP,13,0,0.3303016413,0.432897767,125.855,121.3960219502,16,13,0.6133298967,0.3536075528,0.571947935,0.2645506679,0.4496974555,0.4471454008,11-26,q50-q75,q50-q75,<=q25,<=q25,gap=11-26|seq=MOT17-10-SDP|gt=0,15,84,2456,13
MOT17-10-SDP|497|538|426|444,MOT17-10-SDP,18,0,0.2273574211,1.1618306273,81.585,74.4094928613,21,18,0.7901114306,0.3623318681,0.9075447067,2.3909369286,0.7717864105,0.8544699588,11-26,q25-q50,<=q25,<=q25,q25-q50,gap=11-26|seq=MOT17-10-SDP|gt=0,15,84,2456,13
MOT17-10-SDP|503|512|293|311,MOT17-10-SDP,18,0,0.3090657189,0.8809147635,55.865,58.61657625,21,18,1.2373645683,0.6712305253,1.4682248223,0.5677841266,0.2853103251,0.2835742338,11-26,<=q25,<=q25,<=q25,<=q25,gap=11-26|seq=MOT17-10-SDP|gt=0,15,84,2456,13
MOT17-10-SDP|507|520|338|352,MOT17-10-SDP,14,1,0.109981566,0.4346483551,163.59,147.8833770417,17,14,0.210195097,0.0114776305,0.7774907653,0.1184367148,0.2913037643,0.3970964167,11-26,q50-q75,q50-q75,<=q25,<=q25,gap=11-26|seq=MOT17-10-SDP|gt=1,9,84,2456,13
MOT17-10-SDP|509|515|302|319,MOT17-10-SDP,17,0,0.3347785057,0.4896774716,69.42,65.517617951,20,17,0.3736429417,0.8109041349,0.6959930793,1.0111390826,0.1105112336,0.1682754398,11-26,<=q25,<=q25,<=q25,<=q25,gap=11-26|seq=MOT17-10-SDP|gt=0,15,84,2456,13
MOT17-10-SDP|512|518|315|341,MOT17-10-SDP,26,1,0.3117281956,0.6393454279,62.635,60.084082125,29,26,0.8189141814,0.5496628027,0.8086330136,0.5777533974,0.4710774327,0.561691794,11-26,<=q25,<=q25,<=q25,<=q25,gap=11-26|seq=MOT17-10-SDP|gt=1,9,84,2456,13
MOT17-10-SDP|517|541|441|458,MOT17-10-SDP,17,0,0.3940589027,0.6354298269,74.61,71.8815041108,20,17,1.1393097912,0.3852434744,1.2022898114,0.4505834224,0.237281893,0.2766209341,11-26,<=q25,<=q25,<=q25,<=q25,gap=11-26|seq=MOT17-10-SDP|gt=0,15,84,2456,13
MOT17-10-SDP|527|543|482|489,MOT17-10-SDP,7,0,0.358409055,0.6366588891,53.145,54.0865866516,10,7,0.2861991682,0.4307118506,0.9337531944,0.3395645838,0.5462330859,0.4838633168,1-10,<=q25,<=q25,<=q25,<=q25,gap=1-10|seq=MOT17-10-SDP|gt=0,4,84,2456,13
MOT17-10-SDP|536|541|439|458,MOT17-10-SDP,19,1,0.2880322196,0.7860274022,66.525,65.6466217463,22,19,0.5535927725,1.1295419203,0.7399430628,1.1698580901,0.445401566,0.4438797489,11-26,<=q25,<=q25,<=q25,<=q25,gap=11-26|seq=MOT17-10-SDP|gt=1,9,84,2456,13
MOT17-10-SDP|537|546|520|524,MOT17-10-SDP,4,1,0.0475500357,0.8551198234,65.18,64.7837020904,7,4,0.0968261128,0.1205732638,1.4631027221,0.2471369248,0.0268580399,0.0338675591,1-10,<=q25,<=q25,<=q25,<=q25,gap=1-10|seq=MOT17-10-SDP|gt=1,4,84,2456,13
MOT17-10-SDP|545|547|525|527,MOT17-10-SDP,2,0,0.3345705636,0.4262786947,100.93,102.655729375,5,2,0.3474476357,0.3238888954,0.4262786947,0.1051273343,0.4452285435,0.4262786947,1-10,q25-q50,q25-q50,<=q25,<=q25,gap=1-10|seq=MOT17-10-SDP|gt=0,4,84,2456,13
MOT17-10-SDP|545|553|525|544,MOT17-10-SDP,19,0,0.210932878,0.7337734607,98.975,100.253374375,22,19,0.2027921719,0.4671543099,0.7337734607,0.4573178391,0.7932139095,0.7337734607,11-26,q25-q50,q25-q50,<=q25,<=q25,gap=11-26|seq=MOT17-10-SDP|gt=0,15,84,2456,13
MOT17-10-SDP|552|565|584|597,MOT17-10-SDP,13,0,0.345055816,1.2418850053,48.57,47.0143438903,16,13,0.8713816609,1.3442589454,1.2059857972,1.5915088617,0.5075240415,0.5397222336,11-26,<=q25,<=q25,<=q25,q25-q50,gap=11-26|seq=MOT17-10-SDP|gt=0,15,84,2456,13
MOT17-10-SDP|561|566|589|604,MOT17-10-SDP,15,1,0.2891803978,0.4518811789,48.305,47.4277759141,18,15,0.0391307655,0.5589833876,0.1518201312,0.3953722329,0.7901578261,0.7924539813,11-26,<=q25,<=q25,<=q25,<=q25,gap=11-26|seq=MOT17-10-SDP|gt=1,9,84,2456,13
MOT17-10-SDP|567|570|636|647,MOT17-10-SDP,11,0,0.2172063177,1.0772232778,46.11,45.1074873853,14,11,0.4415738771,0.1640974298,1.7760624962,0.3783840594,0.600019144,0.56435708,11-26,<=q25,<=q25,<=q25,<=q25,gap=11-26|seq=MOT17-10-SDP|gt=0,15,84,2456,13
MOT17-10-SDP|567|572|636|649,MOT17-10-SDP,13,1,0.3508551949,1.6059977504,51.53,50.5174355103,16,13,0.0631599948,0.7136162589,2.2424285832,0.9695669175,0.2200961834,0.1896125866,11-26,<=q25,<=q25,<=q25,q25-q50,gap=11-26|seq=MOT17-10-SDP|gt=1,9,84,2456,13
MOT17-11-SDP|581|594|20|30,MOT17-11-SDP,10,0,0.1666917128,0.734540366,114.95,114.53453277,13,10,0.1902593056,0.1734989283,0.3944109752,1.6732681131,0.3581529412,0.3199133274,1-10,q25-q50,q50-q75,<=q25,<=q25,gap=1-10|seq=MOT17-11-SDP|gt=0,1,84,2456,13
MOT17-11-SDP|584|602|99|111,MOT17-11-SDP,12,1,0.2978618487,0.4609153449,177.03,183.4551995659,15,12,0.4659802084,0.1313093864,0.8371495367,0.2504252023,0.2918503613,0.3730595422,11-26,q50-q75,q50-q75,<=q25,<=q25,gap=11-26|seq=MOT17-11-SDP|gt=1,1,84,2456,13
MOT17-11-SDP|600|602|99|111,MOT17-11-SDP,12,0,0.3450177364,0.476305954,158.865,154.5430893562,15,12,0.4158561968,0.3818928554,0.4494281219,0.320359367,0.5129780443,0.5334067316,11-26,q50-q75,q50-q75,<=q25,<=q25,gap=11-26|seq=MOT17-11-SDP|gt=0,2,84,2456,13
MOT17-11-SDP|646|654|848|864,MOT17-11-SDP,16,0,0.0704255264,1.0946903147,79.115,75.2957247128,19,16,0.5830848363,0.7139453976,1.429215832,0.7601647975,1.067835803,1.0254333959,11-26,<=q25,<=q25,<=q25,<=q25,gap=11-26|seq=MOT17-11-SDP|gt=0,2,84,2456,13
MOT17-13-SDP|687|696|36|47,MOT17-13-SDP,11,1,0.3773468925,0.6743122307,48.52,47.2316923597,14,11,0.5362330311,0.3091135611,1.0752342062,0.4717519307,0.2687994233,0.3679362359,11-26,<=q25,<=q25,<=q25,<=q25,gap=11-26|seq=MOT17-13-SDP|gt=1,1,84,2456,13
MOT17-13-SDP|695|745|277|294,MOT17-13-SDP,17,0,0.1344639139,0.444810397,95.235,91.1009578316,20,17,0.1147910012,0.1552083414,0.2470328035,0.2937085566,1.4803751919,1.5464873237,11-26,q25-q50,q25-q50,<=q25,<=q25,gap=11-26|seq=MOT17-13-SDP|gt=0,10,84,2456,13
MOT17-13-SDP|696|707|82|100,MOT17-13-SDP,18,0,0.1909816385,0.5726469863,56.03,55.7047553283,21,18,0.4827487115,0.1026129242,0.0321880791,0.5258067667,1.2304418468,1.2276996708,11-26,<=q25,<=q25,<=q25,<=q25,gap=11-26|seq=MOT17-13-SDP|gt=0,10,84,2456,13
MOT17-13-SDP|708|740|245|265,MOT17-13-SDP,20,0,0.398028968,0.6205993559,74.475,71.3621719357,23,20,0.1453710869,0.795361946,0.3010872997,1.1251773414,0.5251196107,0.5331261607,11-26,<=q25,<=q25,<=q25,<=q25,gap=11-26|seq=MOT17-13-SDP|gt=0,10,84,2456,13
MOT17-13-SDP|713|736|182|197,MOT17-13-SDP,15,0,0.2500686773,1.4056060982,68.105,66.3929103382,18,15,0.3419864291,0.164712959,2.666765288,0.1444469085,0.7603877947,0.7686328887,11-26,<=q25,<=q25,<=q25,q25-q50,gap=11-26|seq=MOT17-13-SDP|gt=0,10,84,2456,13
MOT17-13-SDP|716|737|197|210,MOT17-13-SDP,13,0,0.2739751561,2.8883116817,77.5,70.7389480708,16,13,0.1297475326,0.4228221745,5.0965183057,0.6801050577,0.2389705636,0.2744912871,11-26,<=q25,<=q25,<=q25,q50-q75,gap=11-26|seq=MOT17-13-SDP|gt=0,10,84,2456,13
MOT17-13-SDP|716|738|197|222,MOT17-13-SDP,25,0,0.2611552897,4.5459134682,81.74,74.9160230708,28,25,0.4538061426,0.1729422139,8.651757262,0.4400696743,0.2030495302,0.1493668077,11-26,q25-q50,<=q25,<=q25,q50-q75,gap=11-26|seq=MOT17-13-SDP|gt=0,10,84,2456,13
MOT17-13-SDP|721|734|185|188,MOT17-13-SDP,3,0,0.0828643422,1.0437258103,76.78,70.3853861628,6,3,0.1023351406,0.0635033487,1.9582233573,0.1292282634,0.2297274034,0.2479617832,1-10,<=q25,<=q25,<=q25,<=q25,gap=1-10|seq=MOT17-13-SDP|gt=0,6,84,2456,13
MOT17-13-SDP|723|728|151|158,MOT17-13-SDP,7,1,0.191420468,1.0537809382,59.51,65.509968875,10,7,0.3515990206,0.4010275599,1.8767535828,0.2308082936,0.6468495231,0.5833322864,1-10,<=q25,<=q25,<=q25,<=q25,gap=1-10|seq=MOT17-13-SDP|gt=1,1,84,2456,13
MOT17-13-SDP|723|733|151|173,MOT17-13-SDP,22,0,0.0594044424,2.3948347493,59.935,66.0019545,25,22,0.8264624754,0.9022181411,4.1207119661,0.6689575324,2.2259810024,2.026988302,11-26,<=q25,<=q25,<=q25,q50-q75,gap=11-26|seq=MOT17-13-SDP|gt=0,10,84,2456,13
MOT17-13-SDP|725|733|149|173,MOT17-13-SDP,24,0,0.1661226504,1.4026782828,62.305,62.816736875,27,24,0.1156119479,0.2236013104,1.4026782828,0.2499604497,1.4131988977,1.4026782828,11-26,<=q25,<=q25,<=q25,q25-q50,gap=11-26|seq=MOT17-13-SDP|gt=0,10,84,2456,13
MOT17-13-SDP|726|736|171|197,MOT17-13-SDP,26,0,0.3033141221,3.0051541414,69.03,70.1043731697,29,26,0.7545946755,0.2118890915,5.7824088154,0.2278994674,1.2934609043,1.2645440559,11-26,<=q25,<=q25,<=q25,q50-q75,gap=11-26|seq=MOT17-13-SDP|gt=0,10,84,2456,13
MOT17-13-SDP|727|733|156|173,MOT17-13-SDP,17,0,0.3280240225,1.4935624579,60.89,62.627949375,20,17,0.1959502558,0.5437526681,1.4935624579,0.3664421544,1.5326733395,1.4935624579,11-26,<=q25,<=q25,<=q25,q25-q50,gap=11-26|seq=MOT17-13-SDP|gt=0,10,84,2456,13
MOT17-13-SDP|743|765|334|340,MOT17-13-SDP,6,0,0.176886936,1.0226431246,70.345,73.5157494084,9,6,0.2449500596,0.1284358146,1.9177325776,0.1275536716,0.2884979163,0.2560820306,1-10,<=q25,<=q25,<=q25,<=q25,gap=1-10|seq=MOT17-13-SDP|gt=0,6,84,2456,13
MOT17-13-SDP|747|777|425|429,MOT17-13-SDP,4,0,0.148347647,1.0482512383,125.275,116.3458742469,7,4,0.1254019804,0.1724750242,1.3801680299,0.7163344466,0.5111368588,0.5487578859,1-10,q50-q75,q50-q75,<=q25,<=q25,gap=1-10|seq=MOT17-13-SDP|gt=0,6,84,2456,13
MOT17-13-SDP|750|781|453|456,MOT17-13-SDP,3,0,0.0994329128,1.0062798944,133.68,127.148708632,6,3,0.0656615313,0.1375563417,1.1320692075,0.8804905814,0.5662841568,0.595099326,1-10,q50-q75,q50-q75,<=q25,<=q25,gap=1-10|seq=MOT17-13-SDP|gt=0,6,84,2456,13
MOT17-13-SDP|750|783|453|459,MOT17-13-SDP,6,0,0.0796543741,0.9713188677,135.44,129.948530507,9,6,0.2730116514,0.1165044997,0.9892307183,0.9534070172,1.4966311427,1.5604420157,1-10,q50-q75,q50-q75,<=q25,<=q25,gap=1-10|seq=MOT17-13-SDP|gt=0,6,84,2456,13
MOT17-13-SDP|777|783|456|459,MOT17-13-SDP,3,0,0.0473620946,0.7390575647,136.105,129.1563324619,6,3,0.1219931215,0.047457512,0.5882517374,0.8898633921,0.7549260415,0.7957997776,1-10,q50-q75,q50-q75,<=q25,<=q25,gap=1-10|seq=MOT17-13-SDP|gt=0,6,84,2456,13
