quantity,slice,quantile,offline_quantile,consumer_a_quantile,absolute_error,relative_error,headline
bdist,S_A_overall,q50,2.1450679059,2.2623654081,0.1172975022,0.0546824191,0
bdist,S_A_overall,q70,4.0561386884,4.2332879798,0.1771492914,0.0436743674,0
bdist,S_A_overall,q85,6.7032430334,6.9163106101,0.2130675767,0.0317857454,1
bdist,S_A_overall,q90,8.2594708573,8.7347733341,0.4753024768,0.0575463592,0
bdist,S_A_overall,q95,11.838808925,13.0459814476,1.2071725227,0.1019673964,0
bdist,S_A_GT,q50,0.2487869713,0.3702170681,0.1214300969,0.4880886497,0
bdist,S_A_GT,q70,0.3891071597,0.75961183,0.3705046703,0.9521918604,0
bdist,S_A_GT,q85,0.6855916288,1.1547104284,0.4691187996,0.6842539784,1
bdist,S_A_GT,q90,0.8861669884,1.3104606692,0.4242936808,0.478796532,0
bdist,S_A_GT,q95,1.2276850614,2.0826485478,0.8549634864,0.6964029402,0
bdist,S_A_FP,q50,2.3168958711,2.4083317614,0.0914358903,0.0394648251,0
bdist,S_A_FP,q70,4.2665266898,4.465534148,0.1990074582,0.0466439033,0
bdist,S_A_FP,q85,6.8568877583,7.1734985887,0.3166108303,0.0461741305,1
bdist,S_A_FP,q90,8.4828495515,9.0204943149,0.5376447634,0.0633802073,0
bdist,S_A_FP,q95,11.8779679173,13.1898542815,1.3118863642,0.1104470372,0
bdist,gap_1_10,q50,1.9580023013,2.0301396161,0.0721373147,0.0368423033,0
bdist,gap_1_10,q70,3.762571074,3.9177522999,0.1551812259,0.0412434006,0
bdist,gap_1_10,q85,6.408686832,6.6606459795,0.2519591475,0.0393152535,1
bdist,gap_1_10,q90,7.7649193323,8.1630744455,0.3981551132,0.0512761429,0
bdist,gap_1_10,q95,11.0333265826,11.6305831667,0.5972565841,0.0541320498,0
bdist,gap_11_26,q50,2.2791792538,2.3996064451,0.1204271913,0.052837964,0
bdist,gap_11_26,q70,4.3607578826,4.5232524392,0.1624945565,0.0372629164,0
bdist,gap_11_26,q85,6.8524916195,7.104467954,0.2519763345,0.0367714911,1
bdist,gap_11_26,q90,8.6952718271,9.4296002724,0.7343284454,0.0844514651,0
bdist,gap_11_26,q95,12.1688729588,13.4442819507,1.275408992,0.1048091303,0
dist_h,S_A_overall,q50,2.0383397302,2.0051355627,0.0332041675,0.0162898103,0
dist_h,S_A_overall,q70,3.8829838126,3.9917937287,0.1088099161,0.028022243,0
dist_h,S_A_overall,q85,6.3526242412,6.5824526938,0.2298284527,0.0361785058,1
dist_h,S_A_overall,q90,7.8663033212,8.1204193936,0.2541160724,0.0323043826,0
dist_h,S_A_overall,q95,11.0225174234,11.5750062873,0.5524888639,0.0501236553,0
dist_h,S_A_GT,q50,0.337843351,0.3418892662,0.0040459153,0.0119757138,0
dist_h,S_A_GT,q70,0.5520486663,0.5391511448,0.0128975214,0.0233630153,0
dist_h,S_A_GT,q85,0.8681121209,0.8567055753,0.0114065456,0.0131394844,1
dist_h,S_A_GT,q90,1.0632330392,1.0192629991,0.0439700401,0.0413550355,0
dist_h,S_A_GT,q95,1.273573442,1.2419902978,0.0315831441,0.0247988401,0
dist_h,S_A_FP,q50,2.2242877626,2.1813828179,0.0429049447,0.0192892958,0
dist_h,S_A_FP,q70,4.0481276657,4.1413899055,0.0932622397,0.0230383643,0
dist_h,S_A_FP,q85,6.5506302649,6.7023361083,0.1517058434,0.023158969,1
dist_h,S_A_FP,q90,8.0605379993,8.3067275234,0.246189524,0.0305425673,0
dist_h,S_A_FP,q95,11.3614951157,11.9964664892,0.6349713735,0.0558880118,0
dist_h,gap_1_10,q50,1.8872105149,1.8585815041,0.0286290108,0.0151700145,0
dist_h,gap_1_10,q70,3.6984279411,3.8167136974,0.1182857563,0.0319827122,0
dist_h,gap_1_10,q85,6.2840308799,6.4277149288,0.1436840489,0.0228649495,1
dist_h,gap_1_10,q90,7.6279174651,7.8669096078,0.2389921427,0.0313312439,0
dist_h,gap_1_10,q95,10.8555897959,11.3909528422,0.5353630463,0.0493168088,0
dist_h,gap_11_26,q50,2.1117895935,2.106746593,0.0050430005,0.0023880222,0
dist_h,gap_11_26,q70,3.9595364519,4.0941659304,0.1346294785,0.0340013232,0
dist_h,gap_11_26,q85,6.3669451055,6.6009209857,0.2339758802,0.0367485311,1
dist_h,gap_11_26,q90,8.0573573614,8.304304138,0.2469467766,0.0306486067,0
dist_h,gap_11_26,q95,11.3370545681,11.6223007097,0.2852461415,0.0251605159,0
fwd_r,S_A_overall,q50,2.3577145724,2.5924944747,0.2347799023,0.0995794423,0
fwd_r,S_A_overall,q70,4.2505743564,4.6344808333,0.3839064768,0.0903187298,0
fwd_r,S_A_overall,q85,6.9278506125,7.4559515298,0.5281009173,0.0762286814,1
fwd_r,S_A_overall,q90,8.6184867344,9.2134711543,0.5949844199,0.069035834,0
fwd_r,S_A_overall,q95,12.1506412595,13.6582961007,1.5076548412,0.1240802694,0
fwd_r,S_A_GT,q50,0.3261699382,0.459109793,0.1329398548,0.4075785019,0
fwd_r,S_A_GT,q70,0.5450777528,0.8249053211,0.2798275683,0.5133718389,0
fwd_r,S_A_GT,q85,0.8658572972,1.4292495954,0.5633922982,0.6506756945,1
fwd_r,S_A_GT,q90,1.0966767277,1.6401769218,0.543500194,0.4955883355,0
fwd_r,S_A_GT,q95,1.268042854,2.2616835333,0.9936406793,0.783601813,0
fwd_r,S_A_FP,q50,2.5364610667,2.7562647328,0.2198036661,0.0866576148,0
fwd_r,S_A_FP,q70,4.5083110037,4.8899573064,0.3816463028,0.084653943,0
fwd_r,S_A_FP,q85,7.1230260078,7.6112618052,0.4882357974,0.0685433125,1
fwd_r,S_A_FP,q90,8.7790528326,9.5261815919,0.7471287593,0.0851035725,0
fwd_r,S_A_FP,q95,12.3019684774,13.9018566165,1.599888139,0.1300513932,0
fwd_r,gap_1_10,q50,2.0182810382,2.1825237472,0.164242709,0.0813775217,0
fwd_r,gap_1_10,q70,3.8083901396,4.0708608863,0.2624707467,0.0689190805,0
fwd_r,gap_1_10,q85,6.5281068289,6.7853674922,0.2572606633,0.0394081577,1
fwd_r,gap_1_10,q90,7.8549535393,8.4683108555,0.6133573162,0.0780854162,0
fwd_r,gap_1_10,q95,11.152945773,12.068491196,0.9155454231,0.0820900094,0
fwd_r,gap_11_26,q50,2.5774325806,2.8439450534,0.2665124729,0.1034023062,0
fwd_r,gap_11_26,q70,4.611863768,5.0460700255,0.4342062575,0.0941498447,0
fwd_r,gap_11_26,q85,7.16432092,7.7685645434,0.6042436234,0.0843406696,1
fwd_r,gap_11_26,q90,9.2672171563,10.0279610056,0.7607438493,0.0820897834,0
fwd_r,gap_11_26,q95,12.8040342627,14.2996614631,1.4956272005,0.1168090595,0
bwd_r,S_A_overall,q50,2.0909504081,2.173761195,0.082810787,0.0396043764,0
bwd_r,S_A_overall,q70,3.9763750647,4.2017626649,0.2253876002,0.0566816753,0
bwd_r,S_A_overall,q85,6.4533844551,6.6810754067,0.2276909516,0.0352824093,1
bwd_r,S_A_overall,q90,8.0287282913,8.4174030558,0.3886747644,0.0484105017,0
bwd_r,S_A_overall,q95,11.7433759947,12.6108575735,0.8674815788,0.0738698632,0
bwd_r,S_A_GT,q50,0.3053477967,0.3010859091,0.0042618876,0.0139574859,0
bwd_r,S_A_GT,q70,0.5559989216,0.625392848,0.0693939264,0.1248094622,0
bwd_r,S_A_GT,q85,0.949753061,1.3304776587,0.3807245977,0.400866934,1
bwd_r,S_A_GT,q90,1.2474137807,1.7380653592,0.4906515785,0.3933350634,0
bwd_r,S_A_GT,q95,1.5655182483,2.2790540492,0.7135358009,0.4557824871,0
bwd_r,S_A_FP,q50,2.2379538003,2.2746217415,0.0366679412,0.0163845836,0
bwd_r,S_A_FP,q70,4.1628327517,4.3601882617,0.19735551,0.0474089452,0
bwd_r,S_A_FP,q85,6.685269932,6.8227280145,0.1374580826,0.0205613362,1
bwd_r,S_A_FP,q90,8.2748217957,8.6231304231,0.3483086274,0.0420925835,0
bwd_r,S_A_FP,q95,11.9341871674,12.7390736742,0.8048865068,0.0674437643,0
bwd_r,gap_1_10,q50,1.955667742,2.0221570331,0.0664892911,0.0339982552,0
bwd_r,gap_1_10,q70,3.6626689502,3.7577618571,0.0950929069,0.025962736,0
bwd_r,gap_1_10,q85,6.3434652864,6.4913030927,0.1478378063,0.0233055278,1
bwd_r,gap_1_10,q90,7.6145936413,8.0118558584,0.3972622171,0.0521711645,0
bwd_r,gap_1_10,q95,10.9310657551,11.2347685262,0.303702771,0.0277834548,0
bwd_r,gap_11_26,q50,2.1973537509,2.2661725639,0.068818813,0.0313189503,0
bwd_r,gap_11_26,q70,4.233855414,4.3833953312,0.1495399172,0.035320034,0
bwd_r,gap_11_26,q85,6.5384252292,6.7905011775,0.2520759483,0.0385530062,1
bwd_r,gap_11_26,q90,8.3826497307,8.7923594155,0.4097096848,0.0488759161,0
bwd_r,gap_11_26,q95,12.0826967408,12.9983718429,0.9156751022,0.075784001,0
