seq,lost_id,track_key,z_score_m_bridge,z_bridge_dist,z_dist_h,z_log_h_ratio,z_resid_mean,z_dir_cos,z_speed_mismatch,z_gap,v_score_m_bridge,v_bridge_dist,v_dist_h,v_log_h_ratio,v_resid_mean,v_dir_cos,v_speed_mismatch,v_gap,d_h_k8
MOT17-02-SDP,4,MOT17-02-SDP|4,1,1,1,1,1,1,1,1,0.479172,0.338948,0.538971,0.0748122,0.38044,0.893659,0.0126247,33,0
MOT17-02-SDP,5,MOT17-02-SDP|5,1,1,1,1,1,1,1,0,0.881585,1.03303,0.297572,0.184147,1.77878,-0.513049,0.00915769,131,1
MOT17-02-SDP,5,MOT17-02-SDP|5,1,1,1,1,1,1,1,0,1.81584,2.53296,0.83386,0.300016,3.40658,-0.28809,0.00103874,213,1
MOT17-02-SDP,5,MOT17-02-SDP|5,1,1,1,1,1,1,1,0,2.03497,3.15796,1.22656,0.359771,3.38166,-0.236755,0.00581322,248,1
MOT17-02-SDP,6,MOT17-02-SDP|6,1,1,1,1,1,0,1,1,0.24363,0.0845411,0.118803,0.101374,0.690898,-0.828704,0.000326281,118,1
MOT17-02-SDP,8,MOT17-02-SDP|8,1,1,1,1,1,1,1,1,0.0743162,0.208695,0.0352518,0.000265616,0.216599,0.588436,0.000394159,45,0
MOT17-02-SDP,8,MOT17-02-SDP|8,1,1,1,1,1,1,1,0,0.643415,1.44245,0.294191,0.144355,1.85985,0.923737,0.00237256,273,1
MOT17-02-SDP,10,MOT17-02-SDP|10,1,1,1,1,1,1,1,1,0.0992158,0.0738796,0.0771039,0.0168588,0.185094,0.283649,0.00130431,39,0
MOT17-02-SDP,10,MOT17-02-SDP|10,1,1,1,1,1,1,1,0,0.933509,0.474691,0.863502,0.381322,1.17846,0.266869,0.00164301,237,1
MOT17-02-SDP,11,MOT17-02-SDP|11,1,1,1,1,1,0,1,0,0.143946,0.51621,0.0307169,0.051801,0.605724,-0.998749,0.00365867,209,2
MOT17-02-SDP,13,MOT17-02-SDP|13,1,1,1,1,1,1,1,0,0.525796,0.827274,0.320058,0.00441218,1.37931,0.390042,0.00530301,217,1
MOT17-02-SDP,14,MOT17-02-SDP|14,1,1,1,1,1,1,1,1,0.58688,0.715349,0.551795,0.114752,0.715675,-0.253202,9.12272e-05,56,0
MOT17-02-SDP,14,MOT17-02-SDP|14,1,1,1,1,1,1,1,1,0.596004,0.767859,0.457795,0.0568281,1.09369,-0.386498,0.0142028,87,0
MOT17-02-SDP,15,MOT17-02-SDP|15,1,1,1,1,1,1,1,1,0.0232204,0.070152,0.000754718,0.0549517,0.123434,0.778198,0.000789757,34,0
MOT17-02-SDP,15,MOT17-02-SDP|15,1,1,1,1,1,1,1,0,0.108414,0.171261,0.0330591,0.057549,0.444292,-0.440544,0.00156895,139,1
MOT17-02-SDP,15,MOT17-02-SDP|15,1,1,1,1,1,1,1,0,0.47706,0.423621,0.425037,0.390593,0.745556,0.949045,0.000753681,280,1
MOT17-02-SDP,16,MOT17-02-SDP|16,1,1,1,1,1,1,1,1,0.446078,0.117305,0.671706,0.0207478,0.118392,0.998498,0.00329446,34,0
MOT17-02-SDP,21,MOT17-02-SDP|21,1,1,1,1,1,0,1,1,0.838826,1.29365,0.214213,0.0614864,1.4133,-0.780135,0.0253656,62,1
MOT17-02-SDP,21,MOT17-02-SDP|21,1,1,1,1,1,0,1,1,1.86702,3.23697,0.204589,0.113415,3.35664,-0.947124,0.00713541,106,1
MOT17-02-SDP,23,MOT17-02-SDP|23,1,1,1,1,1,1,1,1,0.211689,0.110654,0.226216,0.0926332,0.122168,0.787639,0.00279531,34,0
MOT17-02-SDP,23,MOT17-02-SDP|23,1,1,1,1,1,1,1,1,0.642582,0.341539,0.671227,0.325369,0.452454,0.777997,0.00505748,118,0
MOT17-02-SDP,26,MOT17-02-SDP|26,1,1,1,1,1,1,1,0,1.16331,0.270477,1.01079,0.201837,1.59513,0.851812,0.00536343,299,1
MOT17-02-SDP,31,MOT17-02-SDP|31,1,1,1,1,1,1,0,1,2.70471,2.9058,1.88208,0.0576455,2.90588,0.305776,0.0504873,72,1
MOT17-02-SDP,31,MOT17-02-SDP|31,0,0,0,1,0,1,0,0,9.16041,8.89316,4.19791,0.0592901,10.1961,0.363944,0.0755362,228,6
MOT17-02-SDP,33,MOT17-02-SDP|33,1,1,1,1,1,1,1,1,0.321841,0.118503,0.343345,0.167831,0.192815,0.996079,0.00419081,64,0
MOT17-02-SDP,35,MOT17-02-SDP|35,1,1,1,1,1,1,1,1,1.27204,0.145954,1.39207,0.364402,0.952772,0.719199,0.0169988,88,0
MOT17-02-SDP,36,MOT17-02-SDP|36,1,1,1,1,1,0,1,1,0.309322,0.266954,0.128799,0.0573208,0.756029,-0.725532,0.00237397,88,1
MOT17-02-SDP,37,MOT17-02-SDP|37,1,1,1,1,1,1,0,0,2.7376,3.50956,0.079891,0.0174402,4.88386,0.547186,0.0276587,215,2
MOT17-02-SDP,38,MOT17-02-SDP|38,1,1,1,1,1,1,1,0,0.794243,0.302786,0.75834,0.348027,0.916414,0.472681,0.00181946,192,1
MOT17-02-SDP,38,MOT17-02-SDP|38,1,1,1,1,1,1,1,0,1.13485,2.2919,0.73615,0.348315,2.49145,0.417347,0.00836091,276,1
MOT17-02-SDP,39,MOT17-02-SDP|39,1,1,1,1,1,1,1,1,0.413494,0.196965,0.479425,0.0570484,0.3048,0.985089,0.0104966,55,0
MOT17-02-SDP,39,MOT17-02-SDP|39,1,1,1,1,1,1,1,0,1.02214,1.48051,0.222689,0.238598,2.25293,-0.526608,0.0105956,173,1
MOT17-02-SDP,40,MOT17-02-SDP|40,1,1,1,1,1,0,1,1,0.393753,0.781777,0.161558,0.147082,0.84119,-0.866194,0.00827698,41,1
MOT17-02-SDP,41,MOT17-02-SDP|41,1,1,1,1,1,1,1,0,0.461684,1.61476,0.206066,0.155417,1.66237,0.705825,0.0184871,130,1
MOT17-02-SDP,42,MOT17-02-SDP|42,1,1,1,1,1,0,1,1,0.236665,0.474606,0.0423933,0.0350182,0.634576,-0.97158,0.010426,82,1
MOT17-02-SDP,42,MOT17-02-SDP|42,1,1,1,1,1,1,1,0,0.732832,0.686593,0.429405,0.413124,1.4749,0.310341,0.00615698,223,1
MOT17-02-SDP,43,MOT17-02-SDP|43,1,1,1,1,1,1,1,1,0.458477,0.169962,0.504667,0.0211539,0.311387,0.603748,0.00935784,35,0
MOT17-02-SDP,43,MOT17-02-SDP|43,1,1,1,1,1,1,1,1,1.88587,1.86937,1.88602,0.0216111,1.8854,0.594799,0.0036116,82,0
MOT17-02-SDP,43,MOT17-02-SDP|43,1,1,0,1,1,1,1,0,2.56733,1.51312,2.78278,0.0619197,1.87181,0.62162,0.00594853,171,2
MOT17-02-SDP,44,MOT17-02-SDP|44,1,1,1,1,1,1,1,1,0.237872,0.167145,0.182588,0.230289,0.389505,-0.560133,0.00229795,43,0
MOT17-02-SDP,44,MOT17-02-SDP|44,1,1,1,1,1,1,1,1,0.463864,0.834222,0.323562,0.346612,0.835759,-0.177712,0.0015346,91,0
MOT17-02-SDP,48,MOT17-02-SDP|48,1,1,1,1,1,1,1,1,0.370478,0.420006,0.264065,0.147794,0.668257,0.863043,0.00604743,74,0
MOT17-02-SDP,48,MOT17-02-SDP|48,1,1,1,1,1,1,1,1,0.472766,0.645367,0.2753,0.258155,1.04848,0.521506,0.000442278,120,0
MOT17-02-SDP,49,MOT17-02-SDP|49,1,1,1,1,1,1,1,1,0.211995,0.502033,0.127605,0.14476,0.503802,0.138188,0.00269989,69,0
MOT17-02-SDP,51,MOT17-02-SDP|51,1,1,1,1,1,1,1,1,0.402262,0.156773,0.534287,0.0753546,0.305097,0.965319,0.0245642,23,0
MOT17-02-SDP,51,MOT17-02-SDP|51,1,1,1,1,1,1,1,1,0.848811,0.396266,1.09794,0.212418,0.678999,0.976834,0.0254568,50,0
MOT17-02-SDP,52,MOT17-02-SDP|52,1,1,1,1,1,1,1,1,0.499641,0.696336,0.361266,0.146682,1.12417,-0.624618,0.0128942,109,0
MOT17-02-SDP,54,MOT17-02-SDP|54,1,1,1,1,1,1,1,1,1.22411,0.503187,1.35624,0.0811255,1.09156,0.995658,0.0137602,83,0
MOT17-02-SDP,54,MOT17-02-SDP|54,1,1,1,1,1,1,1,0,1.81253,1.44077,2.0705,0.137172,1.54606,0.9975,0.00723571,136,1
MOT17-02-SDP,54,MOT17-02-SDP|54,1,1,0,1,1,1,1,0,2.71563,1.67172,3.2096,0.304004,2.1578,0.995575,0.00705339,198,2
MOT17-02-SDP,55,MOT17-02-SDP|55,1,1,1,1,1,1,1,1,0.444246,0.496616,0.43348,0.448335,0.514308,-0.0826931,0.00187701,117,0
MOT17-02-SDP,56,MOT17-02-SDP|56,1,1,1,1,1,0,1,1,0.408121,1.0544,0.0744957,0.0421099,1.19716,-0.842021,0.000204636,111,1
MOT17-02-SDP,57,MOT17-02-SDP|57,1,1,1,1,1,1,1,1,1.47253,1.3506,1.5115,0.216092,1.43251,0.647235,0.0156017,88,0
MOT17-02-SDP,58,MOT17-02-SDP|58,1,1,1,1,1,1,1,1,0.136956,0.244441,0.129123,0.0841442,0.251963,-0.0609551,0.0122989,22,0
MOT17-02-SDP,58,MOT17-02-SDP|58,1,1,1,1,1,1,1,1,0.268998,0.140147,0.264971,0.0321787,0.326279,0.687237,0.0083538,70,0
MOT17-02-SDP,61,MOT17-02-SDP|61,1,1,1,1,1,1,1,1,0.854299,1.46366,0.670427,0.217496,1.46805,0.58788,0.0114077,113,0
MOT17-02-SDP,62,MOT17-02-SDP|62,1,1,1,1,1,1,1,1,0.313168,0.066086,0.46102,0.128386,0.0864546,0.994595,0.000926394,22,0
MOT17-02-SDP,63,MOT17-02-SDP|63,1,1,1,1,1,1,1,1,0.786931,0.565834,0.80608,0.124723,0.658803,0.703411,0.00649556,104,0
MOT17-02-SDP,66,MOT17-02-SDP|66,1,1,1,1,1,1,1,1,0.15143,0.0932479,0.150455,0.0545456,0.158846,0.989696,0.00715106,38,0
MOT17-02-SDP,68,MOT17-02-SDP|68,1,1,1,1,1,0,1,1,0.144144,0.191019,0.132336,0.0164296,0.242982,-0.712001,0.00856182,35,1
MOT17-02-SDP,71,MOT17-02-SDP|71,1,1,1,1,1,1,1,1,0.306009,0.257544,0.338998,0.198458,0.261078,0.153572,0.00312486,12,0
MOT17-02-SDP,71,MOT17-02-SDP|71,1,1,1,1,1,1,1,1,1.25268,0.545213,1.40588,0.0316261,1.02952,0.567291,0.00327979,74,0
MOT17-02-SDP,72,MOT17-02-SDP|72,1,1,1,1,1,1,1,1,0.310829,0.420964,0.26842,0.106433,0.430408,0.736955,0.0102937,23,0
MOT17-02-SDP,74,MOT17-02-SDP|74,1,1,1,1,1,1,1,1,0.435019,0.225289,0.447919,0.0873438,0.378672,0.845105,0.0107727,59,0
MOT17-02-SDP,74,MOT17-02-SDP|74,1,1,1,1,1,1,1,1,0.780374,0.530798,0.820414,0.147099,0.602063,0.859994,0.0060543,94,0
MOT17-02-SDP,78,MOT17-02-SDP|78,1,1,1,1,1,1,1,1,0.913088,0.849424,0.900884,0.0815841,0.948711,0.0970003,0.0017798,129,0
MOT17-02-SDP,84,MOT17-02-SDP|84,1,1,1,1,1,1,0,1,1.32853,1.83365,0.437041,0.0796409,2.0519,-0.0822828,0.0348064,94,1
MOT17-02-SDP,85,MOT17-02-SDP|85,1,1,1,1,1,1,1,1,0.184395,0.165849,0.184167,0.143575,0.185653,0.840293,0.000732236,37,0
MOT17-02-SDP,85,MOT17-02-SDP|85,1,1,1,1,1,1,1,1,0.348414,0.392073,0.317948,0.175021,0.51566,0.772598,0.00888744,67,0
MOT17-02-SDP,89,MOT17-02-SDP|89,1,1,1,1,1,1,1,1,0.127428,0.262773,0.0903867,0.060243,0.266146,-0.428958,0.00221938,35,0
MOT17-02-SDP,98,MOT17-02-SDP|98,1,1,1,1,1,1,1,1,0.249718,0.124267,0.29086,0.0530981,0.171877,0.991401,0.00469911,29,0
MOT17-02-SDP,107,MOT17-02-SDP|107,1,1,1,1,1,1,1,1,0.155968,0.230221,0.137949,0.0609473,0.239606,0.25229,0.00869684,26,0
MOT17-04-SDP,118,MOT17-04-SDP|118,1,1,1,1,1,1,1,1,0.128585,0.152195,0.12651,0.023938,0.153628,-0.595197,0.0036273,16,0
MOT17-04-SDP,126,MOT17-04-SDP|126,1,1,1,1,1,1,1,1,0.133965,0.0961347,0.113398,0.0544635,0.185522,0.476893,0.00508137,22,0
MOT17-04-SDP,131,MOT17-04-SDP|131,1,1,1,1,1,1,1,1,0.476265,0.448279,0.45856,0.0477974,0.516962,0.890595,0.000948551,88,0
MOT17-04-SDP,137,MOT17-04-SDP|137,1,1,1,1,1,1,1,1,0.36245,0.267856,0.410602,0.109029,0.27112,0.930166,0.00346612,25,0
MOT17-04-SDP,145,MOT17-04-SDP|145,1,1,1,1,1,1,1,1,0.128819,0.0947215,0.143448,0.00995734,0.0947224,0.996748,0.00713734,7,0
MOT17-04-SDP,150,MOT17-04-SDP|150,1,1,1,1,1,1,1,1,0.0807231,0.13916,0.0415021,0.00614139,0.250327,0.465018,0.00647581,36,0
MOT17-04-SDP,152,MOT17-04-SDP|152,1,1,1,1,1,1,1,1,0.250669,0.193478,0.240428,0.096546,0.289108,0.0355093,0.00121701,49,0
MOT17-04-SDP,160,MOT17-04-SDP|160,1,1,1,1,1,0,1,0,0.163676,0.271917,0.141869,0.0958486,0.317088,-0.989834,0.00038166,138,2
MOT17-04-SDP,167,MOT17-04-SDP|167,1,1,1,1,1,1,1,1,0.354406,0.320923,0.360681,0.103886,0.321006,-0.153561,0.00215693,19,0
MOT17-04-SDP,170,MOT17-04-SDP|170,1,1,1,1,1,1,1,1,0.338084,0.16606,0.399086,0.0494894,0.169815,0.88328,0.00161928,41,0
MOT17-04-SDP,182,MOT17-04-SDP|182,1,1,1,1,1,1,1,1,0.453472,0.522721,0.330522,0.0563942,0.725594,0.55627,0.00908934,91,0
MOT17-04-SDP,191,MOT17-04-SDP|191,1,1,1,1,1,1,1,1,0.13555,0.112007,0.143243,0.0555504,0.113445,0.139258,0.00760206,6,0
MOT17-05-SDP,208,MOT17-05-SDP|208,1,1,1,1,1,1,1,1,3.03192,3.02459,1.94883,0.0877831,3.03192,0.981196,0.00957313,18,0
MOT17-05-SDP,208,MOT17-05-SDP|208,0,1,0,1,1,1,0,1,5.24063,3.14138,4.22333,0.521586,5.24063,0.997329,0.178026,58,3
MOT17-05-SDP,209,MOT17-05-SDP|209,1,1,1,1,1,1,1,1,0.926717,1.34938,0.196505,0.158841,1.5248,0.0787622,0.0202041,31,0
MOT17-05-SDP,212,MOT17-05-SDP|212,1,1,1,1,1,1,0,1,0.708494,0.684706,0.77283,0.0803735,0.69228,0.999158,0.0275345,16,1
MOT17-05-SDP,213,MOT17-05-SDP|213,1,1,1,1,1,1,0,1,0.926398,0.897912,0.867197,0.146386,0.937196,0.981067,0.0509159,16,1
MOT17-05-SDP,213,MOT17-05-SDP|213,0,1,1,1,1,1,0,0,5.00782,3.6822,1.77164,0.33558,5.80624,0.96975,0.0720059,145,3
MOT17-05-SDP,214,MOT17-05-SDP|214,1,1,1,1,1,1,0,1,0.553652,0.361574,0.873063,0.126901,0.39418,0.999275,0.0470936,16,1
MOT17-05-SDP,218,MOT17-05-SDP|218,1,1,1,1,1,1,0,1,0.672403,0.342896,1.0782,0.201124,0.569071,0.955027,0.0434679,22,1
MOT17-05-SDP,219,MOT17-05-SDP|219,1,1,1,1,1,1,0,1,1.67544,0.358857,1.01819,0.0584012,1.67544,0.996205,0.0745889,18,1
MOT17-05-SDP,219,MOT17-05-SDP|219,1,1,1,1,1,1,0,1,1.96573,1.19219,1.06439,0.0616161,1.96573,0.981273,0.100011,31,1
MOT17-05-SDP,220,MOT17-05-SDP|220,1,1,1,1,1,1,0,1,1.99386,2.41743,0.372226,0.0958811,2.99898,0.97552,0.0410634,122,1
MOT17-05-SDP,223,MOT17-05-SDP|223,1,1,1,1,1,1,1,1,0.0704478,0.0549941,0.0701669,0.0646057,0.0724742,0.279214,0.00267835,16,0
MOT17-05-SDP,229,MOT17-05-SDP|229,1,1,1,1,1,1,1,1,0.0909425,0.0897337,0.0915202,0.0213637,0.0898295,0.341254,0.00315363,3,0
MOT17-05-SDP,246,MOT17-05-SDP|246,1,1,1,1,1,1,0,1,0.930332,0.246958,0.151895,0.17881,1.03291,0.667359,0.0415043,14,1
MOT17-05-SDP,246,MOT17-05-SDP|246,1,1,1,1,1,1,0,1,1.33105,1.28422,0.253961,0.182025,1.47209,0.469945,0.0653048,27,1
MOT17-05-SDP,264,MOT17-05-SDP|264,1,1,1,1,1,0,1,1,0.315229,0.314193,0.28773,0.0236657,0.34139,-0.984474,0.000218205,8,1
MOT17-05-SDP,266,MOT17-05-SDP|266,1,1,1,1,1,0,1,1,0.0878477,0.0550196,0.0155851,0.0471948,0.164061,-0.933891,0.0102378,7,1
MOT17-05-SDP,270,MOT17-05-SDP|270,1,1,1,1,1,1,1,1,0.289655,0.146672,0.292848,0.193927,0.287098,0.932691,0.00115059,10,0
MOT17-05-SDP,271,MOT17-05-SDP|271,1,1,1,1,1,1,1,1,0.259352,0.229702,0.220534,0.0332816,0.284523,-0.166758,0.017932,5,0
MOT17-05-SDP,271,MOT17-05-SDP|271,1,1,1,1,1,1,1,1,0.80582,0.540623,0.44775,0.130262,1.05309,0.991656,5.63927e-05,29,0
MOT17-05-SDP,274,MOT17-05-SDP|274,1,1,1,1,1,0,1,1,0.825693,1.07317,0.54251,0.101233,1.16797,-0.972191,0.0168734,22,1
MOT17-05-SDP,275,MOT17-05-SDP|275,1,1,1,1,1,0,1,1,0.208726,0.0875453,0.0773575,0.0303363,0.337837,-0.986854,0.021927,8,1
MOT17-05-SDP,279,MOT17-05-SDP|279,1,1,1,1,1,1,0,1,0.905699,0.250616,1.22493,0.0259608,0.836134,0.965115,0.190425,8,1
MOT17-05-SDP,280,MOT17-05-SDP|280,1,1,1,1,1,1,0,1,0.370093,0.36184,0.633338,0.00583254,0.370093,0.965193,0.0957118,4,1
MOT17-05-SDP,281,MOT17-05-SDP|281,1,1,1,1,1,1,0,1,0.267696,0.134536,0.1027,0.175294,0.319643,0.987656,0.0584923,8,1
MOT17-05-SDP,282,MOT17-05-SDP|282,1,1,1,1,1,1,1,1,0.350095,0.159911,0.0946301,0.0959879,0.490484,0.746712,0.00672011,9,0
MOT17-05-SDP,288,MOT17-05-SDP|288,1,1,1,1,1,1,1,1,0.0492064,0.0866185,0.0366669,0.0432867,0.129964,-0.417882,0.0106358,16,0
MOT17-05-SDP,290,MOT17-05-SDP|290,1,1,1,1,1,1,1,1,0.491845,0.302899,0.30223,0.0421396,0.773963,-0.263602,0.0146919,32,0
MOT17-05-SDP,290,MOT17-05-SDP|290,1,1,1,1,1,1,1,1,1.47937,2.19714,0.870013,0.210472,2.45535,-0.247589,0.0141501,73,0
MOT17-05-SDP,291,MOT17-05-SDP|291,1,1,1,1,1,0,0,1,0.535847,0.604259,0.413145,0.0539592,0.605004,-0.999986,0.0344143,11,2
MOT17-05-SDP,296,MOT17-05-SDP|296,1,1,1,1,1,0,1,1,0.291995,0.306126,0.222817,0.0386734,0.396282,-0.994711,0.003221,19,1
MOT17-05-SDP,296,MOT17-05-SDP|296,1,1,1,1,1,0,1,1,0.676656,0.603875,0.111314,0.0029499,1.54151,-0.864358,0.00832121,66,1
MOT17-05-SDP,297,MOT17-05-SDP|297,1,1,1,1,1,1,0,1,0.363422,0.426376,0.213379,0.174528,0.452586,0.955226,0.0323772,21,1
MOT17-05-SDP,306,MOT17-05-SDP|306,1,1,1,1,1,1,1,1,0.142547,0.0275221,0.166562,0.0419589,0.0968555,0.903346,0.0122997,9,0
MOT17-05-SDP,308,MOT17-05-SDP|308,1,1,1,1,1,1,1,1,0.15114,0.152511,0.0579494,0.0525832,0.321107,-0.628827,0.0130466,14,0
MOT17-05-SDP,324,MOT17-05-SDP|324,1,1,1,1,1,1,1,1,0.150354,0.196239,0.0931563,0.0383291,0.276434,0.86606,0.00801393,38,0
MOT17-05-SDP,347,MOT17-05-SDP|347,1,1,1,1,1,1,1,1,0.560874,0.619601,0.369102,0.0667189,0.619687,0.999969,0.00067376,14,0
MOT17-05-SDP,348,MOT17-05-SDP|348,1,1,1,1,1,1,0,1,0.107,0.164958,0.0619455,0.0187016,0.249462,-0.503561,0.059369,7,1
MOT17-05-SDP,348,MOT17-05-SDP|348,1,1,1,1,1,1,1,1,0.262934,0.150669,0.268061,0.239888,0.245213,0.980766,0.0165417,29,0
MOT17-05-SDP,353,MOT17-05-SDP|353,1,1,1,1,1,0,1,1,0.479974,0.516353,0.444277,0.126881,0.523645,-0.894548,0.00537655,13,1
MOT17-05-SDP,361,MOT17-05-SDP|361,1,1,1,1,1,1,1,1,0.197758,0.100143,0.296201,0.234517,0.126754,0.997129,0.015896,5,0
MOT17-05-SDP,362,MOT17-05-SDP|362,1,1,1,1,1,0,0,1,0.326253,0.292395,0.347922,0.00110719,0.292426,-0.893389,0.035366,3,2
MOT17-09-SDP,372,MOT17-09-SDP|372,1,1,1,1,1,1,1,1,1.06502,0.116303,1.29528,0.0258186,0.465483,0.962991,0.00971358,88,0
MOT17-09-SDP,373,MOT17-09-SDP|373,1,1,1,1,1,1,1,1,0.208471,0.217245,0.204015,0.0857964,0.234756,0.866312,0.00456572,68,0
MOT17-09-SDP,374,MOT17-09-SDP|374,1,1,1,1,1,0,1,1,0.219077,0.399852,0.188556,0.0866695,0.403344,-0.844542,0.0019724,65,1
MOT17-09-SDP,376,MOT17-09-SDP|376,1,1,1,1,1,1,1,1,0.40274,0.346138,0.409734,0.0524564,0.378259,0.997551,0.00499392,50,0
MOT17-09-SDP,377,MOT17-09-SDP|377,1,1,1,1,1,0,1,1,0.171818,0.110082,0.179362,0.140774,0.133988,-0.843221,0.00650388,20,1
MOT17-09-SDP,377,MOT17-09-SDP|377,1,1,1,1,1,0,1,1,0.655233,0.330826,0.687961,0.191787,0.48838,-0.999957,0.018956,38,1
MOT17-09-SDP,378,MOT17-09-SDP|378,1,1,1,1,1,1,1,1,0.455589,0.146023,0.626407,0.160775,0.146657,0.991238,0.00112617,34,0
MOT17-09-SDP,388,MOT17-09-SDP|388,1,1,1,1,1,1,1,1,0.395417,0.193454,0.477374,0.299948,0.237601,0.99059,0.00499013,59,0
MOT17-09-SDP,389,MOT17-09-SDP|389,1,1,1,1,1,1,1,1,0.32063,0.11346,0.525276,0.0672319,0.13496,0.992847,0.0128111,16,0
MOT17-09-SDP,389,MOT17-09-SDP|389,1,1,0,0,1,1,0,0,3.54346,1.17221,3.48494,0.724515,3.5827,0.995439,0.0374658,188,4
MOT17-09-SDP,391,MOT17-09-SDP|391,1,1,1,1,1,1,1,1,0.466062,0.253499,0.600891,0.130337,0.320111,0.903692,0.0139238,35,0
MOT17-09-SDP,393,MOT17-09-SDP|393,1,1,1,1,1,1,1,1,0.155121,0.0876626,0.172599,0.0713368,0.130488,0.784257,0.0126166,15,0
MOT17-09-SDP,394,MOT17-09-SDP|394,1,1,1,1,1,0,1,1,0.293938,0.298087,0.28957,0.275894,0.298198,-0.9084,0.019089,1,1
MOT17-09-SDP,402,MOT17-09-SDP|402,1,1,1,1,1,1,1,1,1.02273,1.09117,0.818027,0.132896,1.12219,0.260616,0.024537,35,0
MOT17-10-SDP,415,MOT17-10-SDP|415,1,1,1,1,1,1,0,1,0.215371,0.2152,1.01717,0.00891371,0.215371,0.997506,0.055975,3,1
MOT17-10-SDP,417,MOT17-10-SDP|417,1,1,1,1,1,1,1,1,0.293695,0.187195,0.26007,0.0332405,0.343646,-0.0789392,0.00369283,20,0
MOT17-10-SDP,419,MOT17-10-SDP|419,1,1,1,1,1,1,0,1,0.452647,0.0279995,0.639988,0.183384,0.392841,0.983642,0.0455533,15,1
MOT17-10-SDP,419,MOT17-10-SDP|419,1,1,1,1,1,1,0,1,0.75277,0.462383,0.932554,0.109546,0.691283,0.954892,0.0395247,30,1
MOT17-10-SDP,420,MOT17-10-SDP|420,1,1,1,1,1,0,0,1,2.11428,0.987297,2.1643,0.0151907,1.91986,-0.997285,0.0540476,54,2
MOT17-10-SDP,420,MOT17-10-SDP|420,1,0,1,1,1,0,0,1,2.91845,4.9381,2.39425,0.0226508,4.96088,-0.995924,0.0578513,77,3
MOT17-10-SDP,420,MOT17-10-SDP|420,1,1,1,1,0,0,0,1,2.71301,4.48441,1.7699,0.160804,6.55752,-0.998738,0.103499,114,3
MOT17-10-SDP,420,MOT17-10-SDP|420,1,1,0,1,1,0,1,0,2.70124,1.70934,2.79237,0.195247,2.32539,-0.995708,0.0197931,134,3
MOT17-10-SDP,425,MOT17-10-SDP|425,1,1,1,1,1,1,1,1,0.0935735,0.0453757,0.10175,0.00224593,0.0781423,0.946792,0.00882853,7,0
MOT17-10-SDP,425,MOT17-10-SDP|425,1,1,1,1,1,1,1,1,0.919626,0.998657,0.764451,0.0299138,1.20891,-0.53294,0.0047905,108,0
MOT17-10-SDP,426,MOT17-10-SDP|426,1,1,1,1,1,1,0,1,0.769845,0.764408,2.05242,0.0227701,0.769845,0.972006,0.0678916,8,1
MOT17-10-SDP,428,MOT17-10-SDP|428,1,1,1,1,1,1,0,1,0.726514,0.714258,0.675127,0.163734,0.726514,0.997929,0.108855,6,1
MOT17-10-SDP,428,MOT17-10-SDP|428,1,1,0,1,1,1,0,1,1.88638,1.4761,4.31247,0.131496,1.88638,0.970206,0.113052,25,2
MOT17-10-SDP,428,MOT17-10-SDP|428,1,1,0,1,1,1,0,1,2.56521,1.8222,5.38652,0.125836,2.56521,0.963959,0.0966598,37,2
MOT17-10-SDP,429,MOT17-10-SDP|429,1,1,1,1,1,0,1,1,1.05992,1.21644,0.863952,0.134572,1.22604,-0.856683,0.0166317,24,1
MOT17-10-SDP,430,MOT17-10-SDP|430,1,1,1,1,1,1,1,1,0.57941,0.0665677,0.507533,0.0153954,0.63577,0.670832,0.00493684,24,0
MOT17-10-SDP,430,MOT17-10-SDP|430,0,0,0,1,0,0,0,1,6.94329,9.7872,3.37137,0.0461517,9.7941,-0.792831,0.0622118,98,6
MOT17-10-SDP,440,MOT17-10-SDP|440,1,1,1,1,1,1,1,1,0.322564,0.0773604,0.449645,0.222967,0.152009,0.973946,0.0172429,15,0
MOT17-10-SDP,449,MOT17-10-SDP|449,1,1,1,1,1,1,1,1,0.398136,0.268546,0.46609,0.0187921,0.274646,0.769285,0.0176703,9,0
MOT17-10-SDP,449,MOT17-10-SDP|449,1,1,1,1,1,1,1,1,1.08732,1.83915,0.646225,0.147482,1.83991,0.769958,0.00500413,121,0
MOT17-10-SDP,453,MOT17-10-SDP|453,1,1,1,1,1,1,0,1,0.68281,0.0505403,0.59236,0.113231,0.742787,0.959855,0.033965,30,1
MOT17-10-SDP,454,MOT17-10-SDP|454,1,1,0,1,1,0,1,1,3.11558,4.0242,2.48781,0.0854283,4.04125,-0.92423,0.0218877,52,2
MOT17-10-SDP,454,MOT17-10-SDP|454,1,1,1,1,1,0,1,1,2.00497,2.45918,1.42582,0.121664,2.87267,-0.909151,0.0260176,67,1
MOT17-10-SDP,454,MOT17-10-SDP|454,1,1,0,1,1,0,1,0,3.74755,4.76605,2.50207,0.376706,5.84469,-0.879134,0.020511,180,3
MOT17-10-SDP,454,MOT17-10-SDP|454,1,1,1,1,1,0,1,0,2.97361,1.58964,2.24368,0.332982,4.17764,-0.832018,0.00711188,208,2
MOT17-10-SDP,455,MOT17-10-SDP|455,1,0,0,1,0,1,0,1,4.28621,5.9799,3.52898,0.00660613,5.98052,0.964184,0.0859585,57,4
MOT17-10-SDP,456,MOT17-10-SDP|456,1,1,1,1,1,1,1,1,0.189228,0.180058,0.26187,0.178778,0.180059,0.583267,0.0142336,3,0
MOT17-10-SDP,456,MOT17-10-SDP|456,0,1,1,1,0,1,1,0,8.07462,1.49687,0.648899,0.336264,10.2092,0.75138,0.00559704,146,3
MOT17-10-SDP,458,MOT17-10-SDP|458,1,1,1,1,1,1,0,1,1.09611,1.02069,1.24516,0.441312,1.07761,0.809528,0.0378909,13,1
MOT17-10-SDP,458,MOT17-10-SDP|458,1,1,1,1,1,1,0,1,0.580749,0.348649,1.32305,0.0804835,0.580749,0.987667,0.0729108,13,1
MOT17-10-SDP,458,MOT17-10-SDP|458,0,0,1,0,0,1,0,1,5.3079,5.83745,0.353122,0.575177,6.16052,0.966703,0.0693812,123,5
MOT17-10-SDP,458,MOT17-10-SDP|458,0,0,1,0,0,1,0,0,6.98924,8.08785,1.57505,0.794727,8.40127,0.914593,0.0440265,185,6
MOT17-10-SDP,459,MOT17-10-SDP|459,1,1,1,1,0,0,0,1,3.3311,2.02479,0.554743,0.541222,5.9843,-0.825509,0.0410135,116,3
MOT17-10-SDP,460,MOT17-10-SDP|460,1,1,1,1,1,1,0,1,0.898654,0.687237,1.20652,0.0405325,0.703908,0.572275,0.047846,9,1
MOT17-10-SDP,462,MOT17-10-SDP|462,1,1,1,1,1,1,1,1,0.376859,0.849185,0.25768,0.00468934,0.849219,0.909343,0.0208199,64,0
MOT17-10-SDP,462,MOT17-10-SDP|462,1,1,1,1,1,1,1,1,0.625353,0.850783,0.525571,0.0691488,1.03021,0.978375,0.0249742,79,0
MOT17-10-SDP,463,MOT17-10-SDP|463,1,1,1,1,1,0,1,1,0.822952,0.829473,0.751591,0.120328,0.849331,-0.970314,0.0105869,11,1
MOT17-10-SDP,463,MOT17-10-SDP|463,1,1,1,1,1,1,1,1,4.00096,4.53351,2.33506,0.0400953,4.56969,0.981864,0.024978,85,0
MOT17-10-SDP,463,MOT17-10-SDP|463,1,1,0,1,1,1,0,1,4.74837,2.06544,3.76419,0.0835651,5.0446,0.993801,0.0400554,110,2
MOT17-10-SDP,463,MOT17-10-SDP|463,0,1,1,1,0,1,0,0,5.83022,4.38681,1.89824,0.0912828,7.24274,0.864403,0.0359171,156,4
MOT17-10-SDP,463,MOT17-10-SDP|463,0,0,1,1,0,1,1,0,5.82555,7.17822,2.11227,0.109206,7.18332,0.922778,0.0180488,164,4
MOT17-10-SDP,463,MOT17-10-SDP|463,0,1,1,1,0,1,0,0,6.56609,3.46809,1.9451,0.0987897,8.2385,0.985929,0.0389041,186,4
MOT17-10-SDP,463,MOT17-10-SDP|463,0,0,1,1,0,1,1,0,9.90836,13.1235,1.23737,0.137742,13.169,0.998838,0.00784554,214,4
MOT17-10-SDP,463,MOT17-10-SDP|463,0,0,0,1,0,1,0,0,7.84477,6.58572,2.61469,0.125519,9.78806,0.99949,0.0397525,250,6
MOT17-10-SDP,464,MOT17-10-SDP|464,1,1,1,1,1,1,1,1,1.26338,1.19941,1.00062,0.142636,1.87971,0.768483,0.0228479,97,0
MOT17-10-SDP,464,MOT17-10-SDP|464,1,1,1,1,1,1,1,1,0.994936,1.26397,0.753383,0.098912,1.55222,0.580778,0.0108327,125,0
MOT17-10-SDP,465,MOT17-10-SDP|465,1,1,1,1,1,1,0,1,0.127113,0.115186,0.128088,0.00460745,0.123221,-0.504185,0.0421894,2,1
MOT17-10-SDP,465,MOT17-10-SDP|465,1,1,1,1,1,1,0,1,0.576442,0.556484,0.581803,0.517188,0.557908,0.835525,0.035423,2,1
MOT17-10-SDP,465,MOT17-10-SDP|465,1,1,1,1,1,1,1,1,0.763283,0.89543,0.719509,0.138472,0.945853,0.981683,0.0105218,112,0
MOT17-10-SDP,465,MOT17-10-SDP|465,1,1,1,1,1,1,1,0,1.01055,1.47951,0.653552,0.358023,2.6169,-0.437506,0.0229151,174,1
MOT17-10-SDP,467,MOT17-10-SDP|467,1,1,0,1,1,0,0,1,4.54084,2.82077,3.07401,0.054364,5.27956,-0.948665,0.0343488,72,3
MOT17-10-SDP,467,MOT17-10-SDP|467,0,0,0,1,0,0,0,1,6.88813,7.96194,4.4697,0.178024,8.00172,-0.924147,0.0269316,97,6
MOT17-10-SDP,467,MOT17-10-SDP|467,0,0,1,1,0,1,1,0,5.69582,5.94328,2.45929,0.00317646,7.38757,-0.683428,0.024031,143,4
MOT17-10-SDP,467,MOT17-10-SDP|467,0,1,0,1,0,0,1,0,5.51235,2.96963,2.70738,0.0147464,6.99776,-0.737122,0.00706842,151,5
MOT17-10-SDP,467,MOT17-10-SDP|467,0,0,0,1,0,0,0,0,6.63261,7.75929,2.6258,0.00433045,8.73846,-0.842661,0.0269283,173,7
MOT17-10-SDP,467,MOT17-10-SDP|467,0,1,1,1,0,0,1,0,8.39169,1.89308,1.97903,0.0432827,11.8588,-0.923045,0.0175264,201,4
MOT17-10-SDP,467,MOT17-10-SDP|467,0,0,0,1,0,0,0,0,7.91357,8.04531,3.28304,0.0310599,10.395,-0.880934,0.0278994,237,7
MOT17-10-SDP,469,MOT17-10-SDP|469,1,1,1,1,1,0,1,1,2.74137,0.133258,1.09024,0.0858554,4.1739,-0.980907,0.0209568,93,1
MOT17-10-SDP,469,MOT17-10-SDP|469,1,1,0,1,1,0,1,0,3.98732,4.28498,3.34601,0.102762,4.6018,-0.748157,0.0158142,167,3
MOT17-10-SDP,469,MOT17-10-SDP|469,0,1,0,1,0,0,1,0,5.83471,4.64855,4.88429,0.215481,6.80286,-0.741865,0.00334683,228,5
MOT17-10-SDP,470,MOT17-10-SDP|470,1,1,1,1,1,0,1,1,2.37338,2.84809,2.00997,0.162335,3.09585,-0.981238,0.00759297,104,1
MOT17-10-SDP,470,MOT17-10-SDP|470,1,1,1,1,1,0,1,0,2.67141,3.76687,1.99137,0.355001,4.13684,-0.999917,0.00969889,157,2
MOT17-10-SDP,471,MOT17-10-SDP|471,1,1,1,1,1,1,1,1,1.59828,1.39927,1.0552,0.222344,2.26772,0.964006,0.0107337,96,0
MOT17-10-SDP,471,MOT17-10-SDP|471,1,1,1,1,1,1,1,1,1.43121,2.13144,0.78277,0.178619,2.21321,0.878023,0.00203039,124,0
MOT17-10-SDP,473,MOT17-10-SDP|473,1,1,1,1,1,1,0,1,2.6282,2.44448,0.459435,0.0459113,3.29618,0.22493,0.0557787,82,1
MOT17-10-SDP,473,MOT17-10-SDP|473,0,1,1,1,0,0,0,0,4.86191,3.74027,0.936034,0.265462,6.38395,-0.999758,0.036464,144,5
MOT17-10-SDP,474,MOT17-10-SDP|474,1,1,1,1,1,1,0,1,0.131429,0.0891824,0.187917,0.00553352,0.108008,0.965969,0.0459657,3,1
MOT17-10-SDP,474,MOT17-10-SDP|474,1,1,1,1,1,1,0,1,1.29534,1.31644,1.24019,0.214017,1.32285,0.995823,0.0281539,65,1
MOT17-10-SDP,478,MOT17-10-SDP|478,1,1,1,1,1,1,0,1,0.16572,0.141117,0.174299,0.0838585,0.162246,0.676699,0.0395275,5,1
MOT17-10-SDP,479,MOT17-10-SDP|479,1,1,1,0,1,0,0,1,0.753882,0.773983,0.554894,0.675103,0.796691,-0.999263,0.0427525,7,3
MOT17-10-SDP,479,MOT17-10-SDP|479,1,1,1,0,1,1,0,1,1.99343,2.3719,0.0727539,0.669628,2.4088,-0.595494,0.05756,45,2
MOT17-10-SDP,479,MOT17-10-SDP|479,0,0,1,1,0,1,0,0,5.84112,6.97565,0.926493,0.53756,7.04516,0.455291,0.0713126,177,5
MOT17-10-SDP,482,MOT17-10-SDP|482,1,1,1,1,1,0,0,1,2.06249,2.28094,1.18431,0.15316,2.28116,-0.975607,0.0567218,23,2
MOT17-10-SDP,482,MOT17-10-SDP|482,1,1,1,1,1,1,0,1,4.07637,2.94637,1.00572,0.117264,4.80441,-0.506096,0.026784,66,1
MOT17-10-SDP,482,MOT17-10-SDP|482,1,1,1,1,1,0,0,1,3.68671,4.41089,0.977166,0.233756,4.43699,-0.778811,0.0711201,97,2
MOT17-10-SDP,482,MOT17-10-SDP|482,0,0,1,1,0,1,1,0,7.75548,9.61593,1.03388,0.237194,9.62496,0.173521,0.00413926,136,4
MOT17-10-SDP,489,MOT17-10-SDP|489,1,1,1,1,1,1,0,1,0.240242,0.185331,0.311569,0.0221799,0.206845,0.98711,0.0275917,6,1
MOT17-10-SDP,489,MOT17-10-SDP|489,1,1,1,1,1,1,1,1,0.49825,0.111519,0.0664872,0.0401027,0.7033,-0.198264,0.0103834,14,0
MOT17-10-SDP,489,MOT17-10-SDP|489,1,1,1,1,1,1,0,1,1.05846,1.25877,0.54385,0.0296868,1.30085,0.0152503,0.0305121,36,1
MOT17-10-SDP,489,MOT17-10-SDP|489,1,1,1,1,1,1,1,1,3.06379,1.26334,1.10961,0.068639,4.01306,0.554107,0.0145646,64,0
MOT17-10-SDP,489,MOT17-10-SDP|489,1,1,1,1,1,1,0,1,2.95474,3.22952,1.0165,0.0564163,3.8872,-0.688181,0.0314467,100,1
MOT17-10-SDP,489,MOT17-10-SDP|489,0,0,1,1,0,1,0,0,6.24141,6.28775,1.20469,0.0718308,8.69423,-0.601554,0.0389407,233,5
MOT17-10-SDP,492,MOT17-10-SDP|492,1,1,1,1,1,1,1,1,0.524348,0.312017,0.205817,0.126696,0.673589,0.963834,0.0238596,10,0
MOT17-10-SDP,492,MOT17-10-SDP|492,1,1,1,1,1,0,1,1,1.86122,1.67949,1.42102,0.00379245,2.08823,-0.966255,0.0215938,26,1
MOT17-10-SDP,492,MOT17-10-SDP|492,1,0,1,1,1,0,0,0,3.67584,5.12201,0.790337,0.0772489,5.24663,-0.953606,0.0460411,166,4
MOT17-10-SDP,492,MOT17-10-SDP|492,0,0,1,1,0,0,1,0,6.69831,9.54687,1.36914,0.152521,9.76477,-0.927266,0.0101095,195,5
MOT17-10-SDP,494,MOT17-10-SDP|494,1,1,1,1,1,1,1,1,2.49341,2.58887,2.125,0.10198,2.68802,0.286887,0.0221967,40,0
MOT17-10-SDP,494,MOT17-10-SDP|494,1,1,1,1,1,1,1,1,2.70782,2.36989,1.77281,0.119903,3.20853,0.229952,0.00436726,48,0
MOT17-10-SDP,494,MOT17-10-SDP|494,1,1,1,1,1,1,1,1,2.27337,2.53196,1.5281,0.109487,2.66931,0.472218,0.025253,70,0
MOT17-10-SDP,494,MOT17-10-SDP|494,0,1,1,1,0,1,1,1,4.81779,4.0596,1.99437,0.148439,6.36287,0.729453,0.0214493,98,2
MOT17-10-SDP,494,MOT17-10-SDP|494,1,1,1,1,1,1,0,0,3.6373,4.40326,0.76444,0.136216,5.19492,0.316145,0.0262979,134,2
MOT17-10-SDP,494,MOT17-10-SDP|494,0,1,1,1,0,1,0,0,5.88419,4.24616,0.619335,0.151631,8.7723,0.57395,0.034122,267,4
MOT17-10-SDP,495,MOT17-10-SDP|495,1,1,1,1,1,1,0,1,0.757256,0.426321,1.06824,0.306811,0.444107,0.977719,0.0403326,13,1
MOT17-10-SDP,495,MOT17-10-SDP|495,1,1,0,0,1,1,0,1,2.18195,0.0588438,3.03684,0.600326,1.16007,0.998564,0.0304326,76,3
MOT17-10-SDP,496,MOT17-10-SDP|496,1,1,1,1,1,1,0,1,0.802235,0.976283,0.341838,0.137208,1.01924,-0.181295,0.0339239,28,1
MOT17-10-SDP,497,MOT17-10-SDP|497,1,1,1,1,1,0,1,1,0.149783,0.159773,0.142423,0.300904,0.160788,-0.739481,0.0157772,3,1
MOT17-10-SDP,497,MOT17-10-SDP|497,1,1,1,1,1,1,1,1,0.618218,0.801618,0.380099,0.225632,0.984022,0.35998,0.0128879,32,0
MOT17-10-SDP,499,MOT17-10-SDP|499,1,1,1,1,1,1,1,1,0.149859,0.379684,0.0753644,0.0240706,0.380168,0.284861,0.0118245,29,0
MOT17-10-SDP,499,MOT17-10-SDP|499,1,1,1,1,1,1,0,1,1.25859,2.38523,0.886106,0.011826,2.39653,0.952467,0.0411839,72,1
MOT17-10-SDP,499,MOT17-10-SDP|499,1,1,1,1,1,1,1,1,0.465811,0.145826,0.516973,0.104666,0.303238,0.909007,0.00454031,103,0
MOT17-10-SDP,499,MOT17-10-SDP|499,1,1,1,1,1,1,0,0,2.12934,3.97008,1.43544,0.108105,4.33692,0.996006,0.0584833,142,2
MOT17-10-SDP,501,MOT17-10-SDP|501,1,1,1,1,1,1,0,1,1.40597,0.557577,1.72331,0.116412,0.906506,0.852525,0.027222,51,1
MOT17-10-SDP,503,MOT17-10-SDP|503,0,0,1,1,0,0,0,0,5.28435,6.37687,1.13963,0.18453,6.39044,-0.979854,0.0702772,136,6
MOT17-10-SDP,503,MOT17-10-SDP|503,0,0,1,1,0,0,0,0,8.00956,7.9479,1.1523,0.259802,10.023,-0.928869,0.0315817,165,6
MOT17-10-SDP,504,MOT17-10-SDP|504,1,1,1,1,1,1,1,1,0.0905517,0.0703268,0.036833,0.00689318,0.141581,0.453232,0.0108537,5,0
MOT17-10-SDP,504,MOT17-10-SDP|504,1,1,1,0,1,1,1,0,2.05159,0.0891836,1.38937,0.695974,2.97509,0.911188,0.0101048,196,2
MOT17-10-SDP,505,MOT17-10-SDP|505,1,1,1,1,1,1,1,1,0.582868,0.766294,0.446911,0.0992703,0.783257,-0.124356,0.000184784,37,0
MOT17-10-SDP,506,MOT17-10-SDP|506,1,1,1,1,1,1,0,1,1.424,1.24143,0.406434,0.37278,1.55521,-0.62556,0.0475852,18,1
MOT17-10-SDP,506,MOT17-10-SDP|506,1,1,1,1,1,1,0,1,2.70002,2.84754,0.575488,0.367305,2.97665,0.617286,0.06547,56,1
MOT17-10-SDP,506,MOT17-10-SDP|506,0,0,1,1,0,1,0,0,7.66071,8.4969,1.67801,0.235237,8.63226,0.277268,0.0815021,188,5
MOT17-10-SDP,507,MOT17-10-SDP|507,1,1,1,1,1,1,1,1,0.193905,0.109982,0.291304,0.106587,0.110836,0.982598,0.0133317,14,0
MOT17-10-SDP,508,MOT17-10-SDP|508,1,1,1,1,1,1,1,1,0.682987,0.52735,0.869811,0.28021,0.52773,0.994167,0.0190174,15,0
MOT17-10-SDP,508,MOT17-10-SDP|508,1,1,0,1,1,1,1,1,1.40195,0.275737,2.62692,0.392929,0.308986,0.977283,0.00184687,76,1
MOT17-10-SDP,509,MOT17-10-SDP|509,1,1,1,1,1,1,1,1,0.235779,0.46766,0.0898694,0.0375867,0.507013,-0.615482,0.00373208,29,0
MOT17-10-SDP,509,MOT17-10-SDP|509,1,1,1,1,1,1,0,1,1.55799,2.60003,0.883182,0.0734833,2.79564,0.0930255,0.0320391,72,1
MOT17-10-SDP,509,MOT17-10-SDP|509,1,1,1,1,1,1,1,1,0.663077,0.822216,0.525007,0.043009,0.927785,-0.022809,0.0118339,103,0
MOT17-10-SDP,509,MOT17-10-SDP|509,1,1,1,1,1,1,0,0,2.64624,4.466,1.41581,0.0464474,5.00837,0.305475,0.049362,142,2
MOT17-10-SDP,512,MOT17-10-SDP|512,1,1,1,1,1,1,1,1,0.155223,0.117124,0.214361,0.0683348,0.121215,0.549138,0.00597205,4,0
MOT17-10-SDP,512,MOT17-10-SDP|512,1,1,1,1,1,1,1,1,0.606786,0.311728,0.471077,0.0787507,0.684288,0.964825,0.0250036,26,0
MOT17-10-SDP,512,MOT17-10-SDP|512,1,1,1,1,1,1,1,1,2.29886,2.98383,0.880081,0.0397985,3.13029,0.415387,0.0176078,54,0
MOT17-10-SDP,512,MOT17-10-SDP|512,1,1,1,1,1,1,1,1,1.88074,2.1438,1.05828,0.0520212,2.35883,0.966009,0.0259597,90,0
MOT17-10-SDP,512,MOT17-10-SDP|512,1,1,1,1,0,1,0,0,4.51343,4.12885,1.21168,0.0366066,6.45241,0.991805,0.0331027,223,3
MOT17-10-SDP,514,MOT17-10-SDP|514,1,1,1,1,1,1,1,1,0.855622,0.56705,0.673535,0.470342,1.07422,0.938028,0.0147994,65,0
MOT17-10-SDP,515,MOT17-10-SDP|515,1,1,1,1,1,1,1,1,0.835079,0.727719,0.893515,0.0174751,0.786778,-0.316296,0.0014794,27,0
MOT17-10-SDP,515,MOT17-10-SDP|515,1,1,1,1,1,0,1,0,3.15226,4.06946,2.1193,0.114593,4.07096,-0.712352,0.0248616,159,2
MOT17-10-SDP,516,MOT17-10-SDP|516,1,1,1,1,1,1,1,1,0.604223,0.584617,0.551339,0.0429571,0.6374,-0.401041,0.0202047,17,0
MOT17-10-SDP,516,MOT17-10-SDP|516,1,1,1,1,1,1,1,1,2.57975,3.44739,1.21036,0.0819093,3.46134,-0.689575,0.0249558,45,0
MOT17-10-SDP,516,MOT17-10-SDP|516,1,1,1,1,1,1,1,1,1.67138,1.50602,0.866087,0.0696866,2.18562,0.566037,0.021286,81,0
MOT17-10-SDP,516,MOT17-10-SDP|516,1,0,1,1,0,1,0,0,4.31185,5.7713,1.07165,0.0851012,6.40228,0.478534,0.0289089,214,4
MOT17-10-SDP,517,MOT17-10-SDP|517,1,1,1,1,1,1,1,1,0.135459,0.0759186,0.223408,0.0388979,0.0909889,0.814977,0.00785819,3,0
MOT17-10-SDP,518,MOT17-10-SDP|518,1,1,1,1,1,1,0,1,0.760009,0.988682,0.563597,0.0218155,0.991091,0.999518,0.0420346,22,1
MOT17-10-SDP,518,MOT17-10-SDP|518,1,1,1,1,1,0,1,1,1.23377,1.59978,0.803615,0.00959279,1.73697,-0.779058,0.00275965,58,1
MOT17-10-SDP,518,MOT17-10-SDP|518,1,1,1,1,1,1,1,0,2.33373,1.92007,0.882282,0.0250074,4.04395,-0.597926,0.0103065,191,1
MOT17-10-SDP,521,MOT17-10-SDP|521,1,1,1,1,1,1,0,1,1.2035,0.304076,1.25615,0.141823,1.05856,-0.084812,0.0373574,43,1
MOT17-10-SDP,522,MOT17-10-SDP|522,1,1,1,1,1,1,0,1,1.1926,0.78046,1.3083,0.14439,0.925203,0.774267,0.0404996,26,1
MOT17-10-SDP,523,MOT17-10-SDP|523,1,1,1,1,1,1,0,1,0.273351,0.323827,0.122873,0.0323707,0.352254,0.886484,0.043229,15,1
MOT17-10-SDP,524,MOT17-10-SDP|524,1,1,1,1,1,0,1,1,1.50993,0.90596,1.63693,0.129933,1.047,-0.758214,0.0259765,54,1
MOT17-10-SDP,525,MOT17-10-SDP|525,1,1,1,1,1,1,0,1,1.15757,0.516658,0.688068,0.0498683,1.25289,0.988218,0.0608596,28,1
MOT17-10-SDP,525,MOT17-10-SDP|525,0,0,1,1,0,1,0,0,6.21087,6.99342,0.731688,0.0344538,7.34817,0.896297,0.0677482,161,5
MOT17-10-SDP,527,MOT17-10-SDP|527,1,1,1,1,1,1,1,1,1.30278,0.757292,0.893957,0.0592289,1.59708,0.983067,0.00262663,42,0
MOT17-10-SDP,532,MOT17-10-SDP|532,1,1,1,1,1,0,0,1,0.712982,0.422277,0.736539,0.0692471,0.684011,-0.776215,0.0357196,16,2
MOT17-10-SDP,536,MOT17-10-SDP|536,1,1,1,1,1,1,1,1,0.707605,0.288032,0.445402,0.0275102,0.841567,0.999701,0.0165417,19,0
MOT17-10-SDP,537,MOT17-10-SDP|537,1,1,1,1,1,0,1,1,0.0586809,0.04755,0.026858,0.0365183,0.1087,-0.868898,0.0180354,4,1
MOT17-10-SDP,545,MOT17-10-SDP|545,1,1,1,1,1,1,1,1,1.03187,0.425745,1.51269,0.158472,0.685641,0.944038,0.0145326,36,0
MOT17-10-SDP,547,MOT17-10-SDP|547,1,1,1,1,1,1,0,1,1.28941,0.292005,1.01429,0.0223357,1.37457,0.998289,0.0671573,38,1
MOT17-10-SDP,552,MOT17-10-SDP|552,1,1,1,1,1,0,1,1,2.29649,1.57782,1.25545,0.066573,2.57063,-0.826583,0.0163298,35,1
MOT17-10-SDP,552,MOT17-10-SDP|552,1,1,1,1,1,0,1,1,4.11357,2.71818,1.61916,0.087516,4.89484,-0.971933,0.000944187,65,1
MOT17-10-SDP,554,MOT17-10-SDP|554,1,1,1,1,1,1,0,1,0.233449,0.139998,0.278972,0.0419325,0.189102,-0.0107593,0.0363535,5,1
MOT17-10-SDP,558,MOT17-10-SDP|558,1,1,1,1,1,1,1,1,0.901472,0.673049,1.01067,0.129849,0.685438,0.574637,0.0101945,32,0
MOT17-10-SDP,558,MOT17-10-SDP|558,1,1,1,1,1,1,0,1,1.24573,0.648129,1.17108,0.138975,1.39293,0.619557,0.0650039,38,1
MOT17-10-SDP,561,MOT17-10-SDP|561,1,1,1,1,1,1,0,1,0.515523,0.594563,0.359669,0.00230777,0.597469,0.682628,0.0466683,8,1
MOT17-10-SDP,561,MOT17-10-SDP|561,1,1,1,1,1,1,0,1,0.470431,0.28918,0.790158,0.0242223,0.299057,0.999345,0.0305634,15,1
MOT17-10-SDP,564,MOT17-10-SDP|564,1,1,1,1,1,1,0,1,0.588297,0.677963,0.244608,0.0282838,0.6958,0.150225,0.0446208,14,1
MOT17-10-SDP,564,MOT17-10-SDP|564,1,1,1,1,1,1,1,1,1.07966,1.30389,0.3246,0.0374097,1.31361,0.658207,0.0129264,20,0
MOT17-10-SDP,565,MOT17-10-SDP|565,1,1,1,1,1,0,0,1,0.149213,0.14704,0.0802907,0.0408793,0.149213,-0.74509,0.113655,1,2
MOT17-10-SDP,567,MOT17-10-SDP|567,1,1,1,1,1,1,0,1,0.276471,0.350855,0.220096,0.0982742,0.388388,0.974559,0.0555275,13,1
MOT17-10-SDP,569,MOT17-10-SDP|569,1,1,1,1,1,1,0,1,0.126405,0.0890483,0.129738,0.00217365,0.122527,0.981546,0.0589125,4,1
MOT17-11-SDP,575,MOT17-11-SDP|575,1,1,1,1,1,1,0,1,0.684144,0.471914,0.796806,0.077906,0.557994,0.975114,0.0417367,13,1
MOT17-11-SDP,575,MOT17-11-SDP|575,1,1,1,1,1,1,0,1,2.3935,3.66895,1.00421,0.0178535,4.01939,-0.322125,0.0327071,78,1
MOT17-11-SDP,583,MOT17-11-SDP|583,1,1,1,1,1,1,1,1,0.907896,0.900611,0.8755,0.0246322,0.932308,0.997155,0.0179324,20,0
MOT17-11-SDP,584,MOT17-11-SDP|584,1,1,1,1,1,0,1,1,0.294213,0.297862,0.29185,0.230811,0.298645,-0.999579,0.000871584,12,1
MOT17-11-SDP,588,MOT17-11-SDP|588,1,1,1,1,1,1,1,1,0.765128,0.788853,0.752626,0.0333104,0.83185,0.154914,0.00514975,50,0
MOT17-11-SDP,588,MOT17-11-SDP|588,1,1,1,1,1,1,1,0,0.716825,1.3985,0.510798,0.217774,1.88196,0.468071,0.0148841,209,1
MOT17-11-SDP,591,MOT17-11-SDP|591,1,1,1,1,1,0,1,1,0.39267,0.403964,0.352601,0.140857,0.421296,-0.829379,0.017177,6,1
MOT17-11-SDP,596,MOT17-11-SDP|596,1,1,1,1,1,1,1,1,0.145155,0.00788108,0.0995638,0.0464125,0.268307,-0.560263,0.00748034,22,0
MOT17-11-SDP,609,MOT17-11-SDP|609,1,1,1,1,1,1,1,1,1.14805,1.1923,0.717418,0.0748714,1.65328,0.318681,0.00324129,87,0
MOT17-11-SDP,609,MOT17-11-SDP|609,1,1,1,1,1,1,1,0,1.23609,2.15938,0.516468,0.394403,2.22626,0.654858,0.016349,202,1
MOT17-11-SDP,615,MOT17-11-SDP|615,1,1,1,1,1,1,1,1,1.35671,1.66285,1.03343,0.336322,1.66747,0.988033,0.01328,71,0
MOT17-11-SDP,619,MOT17-11-SDP|619,1,1,1,1,1,1,1,1,0.410212,0.683567,0.254356,0.218493,0.68416,-0.0213238,0.0112241,70,0
MOT17-11-SDP,620,MOT17-11-SDP|620,1,1,1,1,1,0,1,1,0.425919,0.180262,0.349572,0.102172,0.636585,-0.816984,0.0160274,37,1
MOT17-11-SDP,622,MOT17-11-SDP|622,1,1,1,1,1,1,1,1,0.559033,0.324731,0.605616,0.266972,0.329081,0.99912,0.0115007,31,0
MOT17-11-SDP,624,MOT17-11-SDP|624,1,1,1,1,1,0,1,1,0.460054,0.453343,0.460276,0.230055,0.45891,-0.982645,0.00192305,36,1
MOT17-11-SDP,624,MOT17-11-SDP|624,1,1,1,1,1,0,0,1,0.677631,0.332359,0.609232,0.370924,1.04859,-0.933616,0.0268637,63,2
MOT17-11-SDP,628,MOT17-11-SDP|628,1,1,1,1,1,1,1,1,0.220064,0.100573,0.18408,0.124128,0.338339,-0.540794,0.0201885,20,0
MOT17-11-SDP,636,MOT17-11-SDP|636,1,1,1,0,1,1,1,1,0.804386,0.716297,0.75862,0.910405,0.854629,0.666852,0.0107768,65,1
MOT17-11-SDP,639,MOT17-11-SDP|639,1,1,1,1,1,1,0,1,0.313924,0.224029,0.270891,0.122239,0.349619,0.854804,0.0310353,20,1
MOT17-11-SDP,646,MOT17-11-SDP|646,1,1,1,1,1,1,1,1,3.0864,1.06812,1.05068,0.0880795,3.48258,-0.579388,0.00906322,43,0
MOT17-13-SDP,672,MOT17-13-SDP|672,1,1,1,1,1,1,1,1,0.186028,0.0504555,0.564642,0.0963066,0.0718472,0.996956,0.00610655,7,0
MOT17-13-SDP,680,MOT17-13-SDP|680,1,1,1,1,1,1,1,1,0.267414,0.152474,0.405651,0.131702,0.152558,0.999941,0.00827913,8,0
MOT17-13-SDP,687,MOT17-13-SDP|687,1,1,1,1,1,1,0,1,0.362896,0.377347,0.268799,0.0919857,0.422673,0.106904,0.0388501,11,1
MOT17-13-SDP,687,MOT17-13-SDP|687,1,1,1,1,0,0,0,1,4.74385,3.20546,2.31393,0.111215,6.49562,-0.725406,0.0833037,80,3
MOT17-13-SDP,687,MOT17-13-SDP|687,0,0,0,1,0,1,1,1,6.61139,7.26593,5.03168,0.218284,7.83013,-0.579746,0.0070696,106,4
MOT17-13-SDP,687,MOT17-13-SDP|687,0,1,0,1,0,1,0,1,6.3322,2.44717,5.39859,0.182814,7.03641,-0.586612,0.0515062,117,4
MOT17-13-SDP,688,MOT17-13-SDP|688,1,1,1,1,1,1,1,1,0.444954,0.394147,0.552353,0.0969325,0.394517,0.897295,0.00170459,4,0
MOT17-13-SDP,691,MOT17-13-SDP|691,1,1,1,1,1,0,0,1,0.227894,0.242591,0.15215,0.0223601,0.242613,-0.79137,0.0497981,2,2
MOT17-13-SDP,696,MOT17-13-SDP|696,1,1,1,1,1,1,0,1,1.7302,1.07969,2.09491,0.0975164,1.50518,0.965642,0.0771268,34,1
MOT17-13-SDP,696,MOT17-13-SDP|696,1,1,0,1,1,1,1,1,4.48209,4.19744,4.83675,0.204586,4.24653,0.994633,0.0123489,60,1
MOT17-13-SDP,696,MOT17-13-SDP|696,1,1,0,1,1,1,0,1,3.04477,0.469394,5.19586,0.169115,1.65052,0.993486,0.0457587,71,2
MOT17-13-SDP,705,MOT17-13-SDP|705,1,1,1,1,1,1,1,1,0.154692,0.0827405,0.336689,0.0211823,0.084659,0.994501,0.00240472,4,0
MOT17-13-SDP,715,MOT17-13-SDP|715,1,1,1,1,1,1,0,1,0.760697,0.583284,0.592904,0.212702,0.969647,0.700293,0.0995555,17,1
MOT17-13-SDP,715,MOT17-13-SDP|715,1,1,1,1,1,1,0,1,1.90275,1.26866,2.23954,0.125782,1.50096,0.647604,0.0296428,31,1
MOT17-13-SDP,723,MOT17-13-SDP|723,1,1,1,1,1,1,0,1,0.376313,0.19142,0.64685,0.135647,0.376313,0.986389,0.0841774,7,1
MOT17-13-SDP,735,MOT17-13-SDP|735,1,1,1,1,1,1,1,1,0.27484,0.252923,0.285385,0.0565787,0.260975,0.472136,0.0216067,6,0
MOT17-13-SDP,736,MOT17-13-SDP|736,1,1,1,1,1,1,1,1,0.70301,0.679083,0.718761,0.317844,0.68529,0.454013,0.0212587,9,0
MOT17-13-SDP,742,MOT17-13-SDP|742,1,1,1,1,1,1,0,1,0.446133,0.404496,0.512328,0.0176333,0.404498,0.999506,0.0360295,4,1
MOT17-13-SDP,742,MOT17-13-SDP|742,1,1,1,1,1,1,1,1,0.214902,0.0423175,0.287936,0.146339,0.164912,0.900995,0.0148854,10,0
MOT17-13-SDP,748,MOT17-13-SDP|748,1,1,1,1,1,0,0,1,0.0844739,0.138279,0.0630484,0.0387731,0.139953,-0.992518,0.0340158,3,2
MOT17-13-SDP,749,MOT17-13-SDP|749,1,1,1,1,1,1,1,1,0.0721041,0.0284318,0.0992855,0.0468569,0.0291419,0.887765,0.0153094,3,0
MOT17-13-SDP,757,MOT17-13-SDP|757,1,1,1,1,1,1,1,1,1.29709,0.2733,0.85246,0.358235,1.63389,0.269029,0.00317063,50,0
MOT17-13-SDP,768,MOT17-13-SDP|768,1,1,1,1,1,1,1,1,0.475271,0.650633,0.294508,0.263331,0.800053,0.79775,0.0237947,27,0
